"2019/03/15","80.1500","25316320.0000","80.1800","80.5516","80.1000"
"2019/03/14","80.4400","9976667.0000","80.8000","80.9100","80.3500"
"2019/03/13","80.7100","10258310.0000","80.5900","80.7600","80.2000"
"2019/03/12","80.0000","11311840.0000","80.1100","80.5800","79.8900"
"2019/03/11","79.7800","11059250.0000","79.9800","80.2900","79.6500"
"2019/03/08","79.0100","16209530.0000","78.8900","79.3200","78.2500"
"2019/03/07","80.1600","16472420.0000","79.5500","80.2600","79.3200"
"2019/03/06","79.2800","18628700.0000","78.8500","79.3800","77.8600"
"2019/03/05","80.1900","12962210.0000","80.1200","80.4000","79.7507"
"2019/03/04","80.3100","18075560.0000","80.2400","80.5450","79.0116"
"2019/03/01","80.0000","15296060.0000","79.3800","80.0000","79.0300"
"2019/02/28","79.0300","14589660.0000","79.4500","79.7500","78.7100"
"2019/02/27","79.4700","12391600.0000","78.8800","79.7538","78.6600"
"2019/02/26","78.6600","10781830.0000","78.6800","79.1300","78.3900"
"2019/02/25","78.5000","9012557.0000","78.4300","78.8500","78.2000"
"2019/02/22","78.4200","9519271.0000","78.7100","78.9500","77.6200"
"2019/02/21","77.8200","10189160.0000","78.2100","78.6600","77.6100"
"2019/02/20","78.5300","12633050.0000","78.3000","78.8100","78.0000"
"2019/02/19","78.2300","13549470.0000","77.5600","78.4800","77.4500"
"2019/02/15","77.7100","14329800.0000","76.9400","77.7600","76.7500"
"2019/02/14","76.2700","12772360.0000","76.2600","76.6500","75.7100"
"2019/02/13","76.2500","13195340.0000","75.5800","76.5400","75.5100"
"2019/02/12","75.4000","12592280.0000","75.0800","75.4500","74.8200"
"2019/02/11","74.1000","10434810.0000","73.8200","74.2200","73.4000"
"2019/02/08","73.9800","11959290.0000","73.7600","74.0700","72.7300"
"2019/02/07","74.6800","14364720.0000","74.9500","75.1900","73.9000"
"2019/02/06","75.2600","10866080.0000","75.5800","75.7700","75.1300"
"2019/02/05","75.5900","12785020.0000","75.1800","75.6400","75.0101"
"2019/02/04","74.8200","15370690.0000","75.7600","75.7600","74.4000"
"2019/02/01","75.9200","22966590.0000","74.9200","76.4900","74.3200"
"2019/01/31","73.2800","19698300.0000","72.2900","73.4900","72.0200"
"2019/01/30","72.2900","11208600.0000","71.7700","72.5700","71.5050"
"2019/01/29","71.5100","10212270.0000","71.7000","72.1900","71.4800"
"2019/01/28","71.2400","13621710.0000","71.0200","71.2800","70.3700"
"2019/01/25","71.7200","8996152.0000","72.0700","72.2700","71.5350"
"2019/01/24","71.4000","10232900.0000","71.1000","71.9700","70.6394"
"2019/01/23","71.3000","12669050.0000","72.0100","72.2966","70.9300"
"2019/01/22","71.8900","14932910.0000","72.3900","72.7100","71.6800"
"2019/01/18","72.9900","15722350.0000","73.2700","73.2900","72.1250"
"2019/01/17","72.1300","9974633.0000","71.1900","72.3400","70.8994"
"2019/01/16","71.6400","12541230.0000","71.4200","72.3750","71.3100"
"2019/01/15","71.6700","10148550.0000","71.9500","72.3600","71.3200"
"2019/01/14","71.6300","10840230.0000","71.2100","71.7800","71.1200"
"2019/01/11","71.7200","9745006.0000","71.8500","71.8900","71.0700"
"2019/01/10","72.0500","12964190.0000","72.0700","72.0800","71.1200"
"2019/01/09","72.4200","13329690.0000","72.6000","72.6000","71.6450"
"2019/01/08","72.0400","11141610.0000","72.5400","72.5900","71.9400"
"2019/01/07","71.5200","10746950.0000","71.2500","72.1000","70.7400"
"2019/01/04","71.1500","15851340.0000","69.6400","71.2700","69.3600"
"2019/01/03","68.6200","13825210.0000","70.0000","70.2500","68.3550"
"2019/01/02","69.6900","16704860.0000","67.3500","69.8700","67.2550"
"2018/12/31","68.1900","15795000.0000","68.3200","69.1453","67.6600"
"2018/12/28","68.1700","19621520.0000","69.1800","69.5800","67.8200"
"2018/12/27","68.9400","21588760.0000","67.7400","68.9400","66.0800"
"2018/12/26","68.6400","24651740.0000","66.1800","68.6550","64.6500"
"2018/12/24","65.5100","14262830.0000","66.8700","67.5300","65.4400"
"2018/12/21","68.1200","47244260.0000","68.1400","70.3700","67.6700"
"2018/12/20","68.6300","28660520.0000","70.0900","70.6600","68.0500"
"2018/12/19","70.7800","21569390.0000","72.4500","73.2700","70.2953"
"2018/12/18","72.0000","18631010.0000","73.6300","73.8600","71.6200"
"2018/12/17","74.0400","14788790.0000","75.2600","75.6000","73.4800"
"2018/12/14","75.5800","12668760.0000","76.7200","76.8700","75.0900"
"2018/12/13","76.9800","11136870.0000","76.0300","77.2200","75.9500"
"2018/12/12","76.0200","14509530.0000","78.0400","78.2000","76.0150"
"2018/12/11","76.6800","12954750.0000","77.7000","77.8000","75.6800"
"2018/12/10","76.5400","17940040.0000","77.8600","77.8600","74.7970"
"2018/12/07","77.6400","16099580.0000","79.3900","80.3600","77.3350"
"2018/12/06","78.3900","21245440.0000","78.0000","78.4400","76.9200"
"2018/12/04","79.4300","17092550.0000","81.3800","81.9500","79.3500"
"2018/12/03","81.2200","19324230.0000","80.2400","81.4600","80.1400"
"2018/11/30","79.5000","14039060.0000","78.4500","79.6000","78.3200"
"2018/11/29","79.0600","9881446.0000","78.2200","79.5300","78.1950"
"2018/11/28","78.4500","11428510.0000","77.0400","78.4500","76.8400"
"2018/11/27","77.0500","10343850.0000","76.5700","77.4500","76.4000"
"2018/11/26","76.9800","13064670.0000","76.2400","77.3200","76.1200"
"2018/11/23","75.4900","10875430.0000","76.0500","76.2000","74.7000"
"2018/11/21","77.5600","9685306.0000","77.4300","78.3800","77.2600"
"2018/11/20","76.9700","15532900.0000","78.4200","78.9000","76.3700"
"2018/11/19","79.2200","9393970.0000","78.4600","79.3600","78.4300"
"2018/11/16","78.9600","13578150.0000","78.3700","79.1900","78.1000"
"2018/11/15","78.1900","18962360.0000","76.6700","78.1900","75.9100"
"2018/11/14","77.3900","18539750.0000","78.8600","79.0900","76.7500"
"2018/11/13","78.0000","15527230.0000","79.8000","79.8500","77.6400"
"2018/11/12","79.8300","11905910.0000","81.6600","81.7300","79.7300"
"2018/11/09","80.8700","15069970.0000","80.2600","81.4000","79.6950"
"2018/11/08","81.7100","16862350.0000","83.1300","83.7450","81.5350"
"2018/11/07","83.0300","12697080.0000","82.2100","83.1400","81.6599"
"2018/11/06","81.9900","9062988.0000","81.7400","82.1000","81.3500"
"2018/11/05","81.6400","15810460.0000","82.5000","82.8700","81.4400"
"2018/11/02","81.9500","18839910.0000","81.7600","82.4500","80.2300"
"2018/11/01","80.6700","14152450.0000","79.8300","80.7500","79.3000"
"2018/10/31","79.6800","16612620.0000","79.3400","80.3501","78.9000"
"2018/10/30","78.7800","17757510.0000","77.6200","79.0300","77.4200"
"2018/10/29","77.0500","15646190.0000","78.0700","78.4300","76.2200"
"2018/10/26","77.5300","18154980.0000","77.8700","78.4100","76.9600"
"2018/10/25","78.3100","12278120.0000","78.4900","79.0500","77.7400"
"2018/10/24","77.6200","16008000.0000","80.1300","80.2600","77.5500"
"2018/10/23","79.8400","15334880.0000","80.0600","80.4600","78.7150"
"2018/10/22","81.1500","8757475.0000","82.0000","82.1800","80.6400"
"2018/10/19","81.9700","11656120.0000","81.6600","82.4636","81.5100"
"2018/10/18","81.8500","16453060.0000","81.2000","82.4700","81.2000"
"2018/10/17","81.5000","10839140.0000","80.9400","81.5200","80.3400"
"2018/10/16","81.2000","9284658.0000","80.5100","81.2650","80.0100"
"2018/10/15","80.8200","10437340.0000","81.3800","81.7350","80.8200"
"2018/10/12","81.3800","14884770.0000","82.1300","82.2400","80.2700"
"2018/10/11","81.6000","20046170.0000","83.9400","84.1700","81.1700"
"2018/10/10","84.5200","16393330.0000","86.7300","86.8200","84.5000"
"2018/10/09","86.5100","10176580.0000","86.3800","86.8800","85.7400"
"2018/10/08","86.1300","12997180.0000","84.7900","86.3050","84.6500"
"2018/10/05","85.3400","9216380.0000","85.3100","85.7000","84.9324"
"2018/10/04","85.5800","9673638.0000","85.5000","86.0753","85.2500"
"2018/10/03","86.1500","9414971.0000","86.5100","86.8900","85.9750"
"2018/10/02","86.4600","7930951.0000","85.8000","86.6650","85.6220"
"2018/10/01","85.8100","8521724.0000","85.3500","86.0300","85.2550"
"2018/09/28","85.0200","9712044.0000","85.2500","85.9299","84.9900"
"2018/09/27","85.7700","7658406.0000","86.0850","86.3750","85.5900"
"2018/09/26","85.7800","9906464.0000","86.0200","86.5000","85.6900"
"2018/09/25","86.5000","11652630.0000","87.0310","87.3600","86.3700"
"2018/09/24","86.6000","13294210.0000","85.7900","87.0850","85.7200"
"2018/09/21","85.1700","26596940.0000","85.0100","85.4300","84.5200"
"2018/09/20","84.8200","11100160.0000","84.8600","85.3400","84.5400"
"2018/09/19","84.6300","10064480.0000","83.6400","84.7700","83.6400"
"2018/09/18","83.6300","8836241.0000","83.9000","84.1300","83.4500"
"2018/09/17","83.4100","7934194.0000","83.0000","83.6100","82.9900"
"2018/09/14","82.9200","8666234.0000","82.4200","83.1500","82.2700"
"2018/09/13","82.3200","10914350.0000","83.1500","83.2500","82.0100"
"2018/09/12","83.1300","11535540.0000","83.2500","83.7800","82.8700"
"2018/09/11","82.8600","11780470.0000","81.9600","83.1900","81.6300"
"2018/09/10","81.7100","10433310.0000","82.2360","82.7400","81.6550"
"2018/09/07","81.8300","16312830.0000","80.1500","81.9300","79.8200"
"2018/09/06","80.4600","13318610.0000","81.1100","81.6400","80.3400"
"2018/09/05","81.3600","13836850.0000","79.9000","81.4300","79.6000"
"2018/09/04","80.2900","8849342.0000","80.4100","80.6900","79.8100"
"2018/08/31","80.1700","10697460.0000","80.2400","80.4600","79.7700"
"2018/08/30","80.5100","7404709.0000","80.4500","80.7800","80.1200"
"2018/08/29","80.8600","8001797.0000","80.4400","81.0400","80.0950"
"2018/08/28","80.2800","8794788.0000","80.5800","80.8200","80.2000"
"2018/08/27","80.4000","6520449.0000","79.9100","80.4700","79.8592"
"2018/08/24","79.6200","6486583.0000","79.5200","80.0500","79.4200"
"2018/08/23","79.0800","7075035.0000","79.5600","79.6300","78.8950"
"2018/08/22","79.9600","10091250.0000","79.1100","80.0500","79.0200"
"2018/08/21","78.8300","9152703.0000","79.0500","79.5800","78.6700"
"2018/08/20","78.8100","7965675.0000","78.2600","79.0000","78.1700"
"2018/08/17","78.2600","10178110.0000","78.3400","78.4900","77.8000"
"2018/08/16","78.0000","11517980.0000","77.2800","78.1000","77.2000"
"2018/08/15","76.9400","16251010.0000","77.7800","77.9000","76.5100"
"2018/08/14","78.3100","8001384.0000","78.9900","79.0700","78.0800"
"2018/08/13","78.5600","10308380.0000","79.4500","79.7500","78.4300"
"2018/08/10","79.4200","12947070.0000","79.5100","79.5240","78.8550"
"2018/08/09","80.3200","9821036.0000","80.7300","80.9050","80.1100"
"2018/08/08","80.7300","7272779.0000","81.0200","81.2300","80.3500"
"2018/08/07","81.2700","10698050.0000","80.9100","81.5900","80.3100"
"2018/08/06","80.1800","10040340.0000","80.2500","80.4300","79.7400"
"2018/08/03","80.2000","7810712.0000","79.9700","80.3000","79.6300"
"2018/08/02","79.9100","8362829.0000","79.8900","80.2550","79.4500"
"2018/08/01","80.3900","8934672.0000","80.8900","80.9300","80.2250"
"2018/07/31","81.5100","11714320.0000","81.6400","82.1500","81.4400"
"2018/07/30","81.7400","11282700.0000","82.1300","82.1300","80.7110"
"2018/07/27","81.9200","18220840.0000","80.9700","82.3800","80.8050"
"2018/07/26","84.2400","13110490.0000","83.8300","84.4000","83.3700"
"2018/07/25","83.5900","9523152.0000","83.0100","83.7400","82.5100"
"2018/07/24","83.0100","11101980.0000","81.5200","83.0200","81.4800"
"2018/07/23","81.4000","8415963.0000","81.9500","82.0000","81.1800"
"2018/07/20","81.4000","9196180.0000","81.7200","81.9332","81.2500"
"2018/07/19","82.0100","8658492.0000","82.2000","82.6200","81.7200"
"2018/07/18","82.2200","8611463.0000","81.8000","82.3200","81.4900"
"2018/07/17","82.3100","7368826.0000","82.2600","82.7500","82.0400"
"2018/07/16","82.4900","8304868.0000","82.5200","82.7900","82.0000"
"2018/07/13","83.3100","8719620.0000","82.6800","83.7500","82.5600"
"2018/07/12","82.6900","9614606.0000","83.0100","83.2400","82.3100"
"2018/07/11","82.5900","10142860.0000","83.0300","83.5300","82.0250"
"2018/07/10","83.6600","8781847.0000","83.7000","84.1200","83.5100"
"2018/07/09","82.9000","7149751.0000","82.8100","83.1250","82.5550"
"2018/07/06","82.3300","7536100.0000","81.9600","82.7000","81.6600"
"2018/07/05","82.3100","9031212.0000","82.5900","82.7700","82.0500"
"2018/07/03","82.2400","7197258.0000","82.5800","83.4500","82.0800"
"2018/07/02","81.7600","9909187.0000","81.8900","82.1300","81.3200"
"2018/06/29","82.7300","17302760.0000","82.4500","83.5400","82.2900"
"2018/06/28","81.9700","9387558.0000","81.7300","82.0700","81.0300"
"2018/06/27","81.7100","12588940.0000","81.0600","82.4800","81.0600"
"2018/06/26","80.6400","10366270.0000","80.1500","81.0146","79.9700"
"2018/06/25","79.7400","10535430.0000","80.7800","81.2400","79.3000"
"2018/06/22","81.3800","16698180.0000","81.1600","81.9401","80.9200"
"2018/06/21","79.6900","10913280.0000","80.0200","80.3800","79.3250"
"2018/06/20","80.4500","8915644.0000","80.8500","81.1300","80.2700"
"2018/06/19","80.7000","8748230.0000","79.8900","80.9601","79.7100"
"2018/06/18","80.8200","8935843.0000","80.4000","81.3800","80.3000"
"2018/06/15","80.6600","23785770.0000","81.7200","81.8200","80.5100"
"2018/06/14","81.8900","11165640.0000","81.9400","82.2999","81.5000"
"2018/06/13","81.5100","11590130.0000","82.4400","82.6000","81.4700"
"2018/06/12","82.4200","12232900.0000","83.1100","83.7500","82.3200"
"2018/06/11","83.1000","10811770.0000","83.7200","83.7900","82.9300"
"2018/06/08","83.6000","14347010.0000","83.1100","83.6600","82.5000"
"2018/06/07","82.8800","13396330.0000","82.7300","83.2900","82.5600"
"2018/06/06","82.0600","11558170.0000","81.4800","82.0900","80.8700"
"2018/06/05","80.6800","12052840.0000","80.5900","81.6500","80.4100"
"2018/06/04","80.9700","10827760.0000","82.0500","82.5300","80.8050"
"2018/06/01","81.8300","9900070.0000","81.8700","82.3500","81.5500"
"2018/05/31","81.2400","15762770.0000","80.8100","81.5500","80.6900"
"2018/05/30","81.5000","16601090.0000","79.2500","81.6600","79.2200"
"2018/05/29","78.4200","14636290.0000","78.1500","78.7300","77.5300"
"2018/05/25","78.7100","14559770.0000","79.2800","79.3300","78.0900"
"2018/05/24","80.2700","13180230.0000","81.3500","81.3600","79.9500"
"2018/05/23","82.1500","15139330.0000","80.9500","82.2300","80.5700"
"2018/05/22","81.6400","10752670.0000","82.4400","82.6500","81.3500"
"2018/05/21","82.2800","8548775.0000","81.7300","82.3500","81.5200"
"2018/05/18","81.3000","9756114.0000","81.5500","81.8000","81.2600"
"2018/05/17","81.8800","11223500.0000","82.2000","82.2800","81.4400"
"2018/05/16","82.0200","9569397.0000","81.7600","82.0450","81.1700"
"2018/05/15","81.7900","12594440.0000","81.8500","82.0300","81.4000"
"2018/05/14","81.8300","11847810.0000","81.7000","82.3232","81.6100"
"2018/05/11","81.2800","14746060.0000","81.1800","81.9700","80.9100"
"2018/05/10","81.7200","17696880.0000","80.6400","81.7900","80.5000"
"2018/05/09","79.9300","17136860.0000","78.9800","80.2400","78.9500"
"2018/05/08","78.0900","17428230.0000","77.8000","78.1600","76.3700"
"2018/05/07","77.7400","15082700.0000","77.7400","79.0800","77.4000"
"2018/05/04","76.9000","9881581.0000","76.1300","77.2200","75.9400"
"2018/05/03","76.5400","12230710.0000","76.3900","76.6050","75.4038"
"2018/05/02","76.8000","13180340.0000","76.4500","77.2300","76.3000"
"2018/05/01","76.9500","16228500.0000","77.2600","77.2600","75.9800"
"2018/04/30","77.7500","15020040.0000","77.9100","78.5600","77.7400"
"2018/04/27","77.7900","16342330.0000","76.9500","78.6500","76.4800"
"2018/04/26","80.8600","14442860.0000","79.6000","80.9000","79.5300"
"2018/04/25","79.5000","13864530.0000","78.2000","79.6200","77.4850"
"2018/04/24","78.3500","14101320.0000","79.8000","79.9300","77.9700"
"2018/04/23","79.5700","11727680.0000","78.9200","79.6000","78.7500"
"2018/04/20","79.0000","12058060.0000","79.3200","79.4000","78.3350"
"2018/04/19","79.4200","11191800.0000","79.3200","79.8200","78.8100"
"2018/04/18","79.2200","12059900.0000","79.0400","79.7600","78.9400"
"2018/04/17","78.3300","9501815.0000","78.5400","78.7600","78.0400"
"2018/04/16","78.5400","10725360.0000","78.1200","79.0850","77.7100"
"2018/04/13","77.8400","10688650.0000","77.8000","78.1900","77.6000"
"2018/04/12","77.2200","13252920.0000","77.8600","78.1350","77.0050"
"2018/04/11","77.4300","13722310.0000","77.1100","78.0400","76.7500"
"2018/04/10","77.0700","19077480.0000","76.0800","77.7700","76.0600"
"2018/04/09","74.8700","11024730.0000","75.2200","75.7900","74.8000"
"2018/04/06","74.8700","14269230.0000","75.6400","76.1200","74.2150"
"2018/04/05","76.0200","13893040.0000","75.0600","76.3200","75.0200"
"2018/04/04","74.8700","13098830.0000","74.0500","75.0600","73.4400"
"2018/04/03","75.0200","15990420.0000","73.4500","75.1400","73.1000"
"2018/04/02","73.2200","17813720.0000","74.2700","74.4000","72.1550"
"2018/03/29","74.6100","14880700.0000","73.3300","74.8900","73.2600"
"2018/03/28","72.8100","18136630.0000","73.7400","74.0100","72.7800"
"2018/03/27","73.7000","15044760.0000","74.0000","74.8949","73.2750"
"2018/03/26","74.0000","15018670.0000","73.6500","74.1500","72.7548"
"2018/03/23","72.8900","20146760.0000","73.8100","74.2100","72.6700"
"2018/03/22","73.5000","17137400.0000","74.4200","74.7000","73.3900"
"2018/03/21","75.0400","14916980.0000","74.2300","75.6400","73.9800"
"2018/03/20","73.9900","12988980.0000","74.2200","74.7000","73.9500"
"2018/03/19","74.1500","12183700.0000","75.0000","75.0100","73.8650"
"2018/03/16","75.1200","31327230.0000","74.3600","75.1200","74.3600"
"2018/03/15","74.4200","15610230.0000","74.3500","75.0000","74.1000"
"2018/03/14","73.6000","14798000.0000","74.6400","74.7900","73.5300"
"2018/03/13","74.5300","13489140.0000","75.3300","75.8200","74.2500"
"2018/03/12","75.2400","14090350.0000","74.8700","75.5800","74.6900"
"2018/03/09","74.5600","19702460.0000","74.8200","75.0600","74.2100"
"2018/03/08","74.1200","19966250.0000","74.5000","74.7700","73.6900"
"2018/03/07","74.2600","27245070.0000","75.0000","75.2400","73.5600"
"2018/03/06","76.1800","10683520.0000","76.6700","76.9800","75.8610"
"2018/03/05","76.2700","14838700.0000","75.2300","76.5600","75.1210"
"2018/03/02","75.5500","15427730.0000","74.8900","75.8700","74.4800"
"2018/03/01","75.2000","15684260.0000","75.5300","76.6808","74.8550"
"2018/02/28","75.7400","17039950.0000","78.1600","78.2500","75.7000"
"2018/02/27","77.5000","14625980.0000","79.0000","79.8700","77.5000"
"2018/02/26","78.8400","16910630.0000","77.7400","78.9300","77.5600"
"2018/02/23","77.5300","13365820.0000","76.0900","77.6200","75.9500"
"2018/02/22","75.8600","13482620.0000","75.3000","76.8400","75.1850"
"2018/02/21","74.8900","11693490.0000","75.8200","76.4350","74.8700"
"2018/02/20","75.7500","12930250.0000","76.4700","77.4700","75.4610"
"2018/02/16","76.5400","13706870.0000","76.1500","77.1200","75.8500"
"2018/02/15","76.2100","14046990.0000","76.6200","76.7000","75.4500"
"2018/02/14","76.4600","17178300.0000","75.7900","76.6600","75.1650"
"2018/02/13","76.3000","11872790.0000","76.1000","76.7500","75.7300"
"2018/02/12","76.4200","19334650.0000","77.0500","77.6210","75.8410"
"2018/02/09","75.7800","28835060.0000","76.2500","76.4800","73.9000"
"2018/02/08","76.0700","25617960.0000","77.4400","77.5800","76.0300"
"2018/02/07","76.9400","21974890.0000","78.4400","79.4100","76.9200"
"2018/02/06","78.3500","36248950.0000","78.5100","80.3500","76.9000"
"2018/02/05","79.7200","30232270.0000","83.2800","83.9900","78.1300"
"2018/02/02","84.5300","29768390.0000","85.1300","86.0100","82.9978"
"2018/02/01","89.0700","17964220.0000","87.5000","89.2500","87.3500"
"2018/01/31","87.3000","14286110.0000","86.5600","87.4700","86.3300"
"2018/01/30","86.7800","12382990.0000","87.5400","88.3800","86.7800"
"2018/01/29","88.0100","9303282.0000","88.5900","89.3000","87.9500"
"2018/01/26","89.0000","10400180.0000","88.6400","89.0000","88.4700"
"2018/01/25","88.3700","11251100.0000","88.5500","88.8700","88.2000"
"2018/01/24","88.5300","10227840.0000","88.4900","88.9180","88.0100"
"2018/01/23","88.3000","9846255.0000","88.2500","88.4600","87.7400"
"2018/01/22","88.2500","9739735.0000","87.1700","88.2900","87.0500"
"2018/01/19","87.1500","12704230.0000","87.5700","87.7600","86.6100"
"2018/01/18","87.4300","9198361.0000","87.7700","88.1900","87.3400"
"2018/01/17","88.0000","10544600.0000","87.2000","88.2100","86.9300"
"2018/01/16","86.9700","10875340.0000","87.7400","87.7600","86.6000"
"2018/01/12","87.5200","9833776.0000","87.2000","87.9900","87.1800"
"2018/01/11","86.9300","14361380.0000","86.3600","87.3700","85.9300"
"2018/01/10","86.0800","10822320.0000","87.0000","87.1900","85.9800"
"2018/01/09","86.7700","8082332.0000","86.9400","87.1500","86.6500"
"2018/01/08","87.1400","10921890.0000","86.7000","87.1500","86.6034"
"2018/01/05","86.7500","11028750.0000","86.7500","86.8800","85.7050"
"2018/01/04","86.8200","10862600.0000","86.7900","87.2200","86.4300"
"2018/01/03","86.7000","13950040.0000","85.1600","86.9650","84.8200"
"2018/01/02","85.0300","11467880.0000","83.8200","85.1950","83.6600"
"2017/12/29","83.6400","8517470.0000","84.0000","84.2000","83.6400"
"2017/12/28","84.0200","7494969.0000","83.9800","84.0500","83.8000"
"2017/12/27","83.9000","6998912.0000","83.9900","84.1000","83.7400"
"2017/12/26","83.9800","4769618.0000","83.9600","84.3600","83.9000"
"2017/12/22","83.9700","10078910.0000","83.8800","84.0200","83.6000"
"2017/12/21","83.8500","13571770.0000","83.3500","84.2700","82.9600"
"2017/12/20","82.8700","10615290.0000","82.6000","83.1400","82.5201"
"2017/12/19","82.4400","10284950.0000","83.0300","83.1700","82.3300"
"2017/12/18","82.9400","9363372.0000","83.1800","83.6744","82.9100"
"2017/12/15","83.0300","26517040.0000","83.1600","83.2800","82.8700"
"2017/12/14","82.9000","9487150.0000","83.0300","83.3300","82.8900"
"2017/12/13","83.1200","10129000.0000","82.6100","83.3000","82.4800"
"2017/12/12","82.7600","11306970.0000","83.0900","83.3800","82.7000"
"2017/12/11","83.0300","8759507.0000","82.9500","83.2500","82.7400"
"2017/12/08","82.6600","10953820.0000","82.7500","82.9000","82.2600"
"2017/12/07","82.5500","11353710.0000","82.4000","82.6200","82.1700"
"2017/12/06","82.2800","12042690.0000","83.0800","83.2000","82.2100"
"2017/12/05","82.8900","9356362.0000","83.5000","83.7700","82.7100"
"2017/12/04","83.5700","12580590.0000","83.2100","84.1750","83.0000"
"2017/12/01","83.4600","13757710.0000","83.4400","84.1300","82.4100"
"2017/11/30","83.2900","18585540.0000","82.4500","83.4000","82.4100"
"2017/11/29","82.2700","9710842.0000","81.6500","82.3100","81.4800"
"2017/11/28","81.6700","9794574.0000","81.4100","81.9990","81.3100"
"2017/11/27","81.1100","9122522.0000","81.3200","81.4000","81.0200"
"2017/11/24","81.4200","3851283.0000","81.4400","81.7000","81.2200"
"2017/11/22","81.1000","7941244.0000","81.1600","81.4051","81.0500"
"2017/11/21","80.8700","8806682.0000","80.6900","81.2500","80.6400"
"2017/11/20","80.5500","8463826.0000","80.2300","80.6400","80.0100"
"2017/11/17","80.2400","9535293.0000","80.3200","80.6600","80.1600"
"2017/11/16","80.5600","10443490.0000","80.4400","80.8500","80.1450"
"2017/11/15","81.2100","9555711.0000","81.7500","82.0900","81.1500"
"2017/11/14","82.2400","9248682.0000","82.4200","82.7500","82.0900"
"2017/11/13","82.8900","6720108.0000","82.6500","83.0900","82.6000"
"2017/11/10","82.9400","8693290.0000","83.0100","83.0800","82.4200"
"2017/11/09","83.9700","10478120.0000","83.3000","84.1400","83.0800"
"2017/11/08","83.4700","8691261.0000","83.3600","83.5000","82.8600"
"2017/11/07","83.5800","8430696.0000","83.7400","83.8200","83.0300"
"2017/11/06","83.7500","9274240.0000","83.3000","83.8700","83.0600"
"2017/11/03","83.1800","6903510.0000","83.4200","83.6400","83.1600"
"2017/11/02","83.5300","7773966.0000","83.6000","83.7050","82.9100"
"2017/11/01","83.8700","9257793.0000","83.3900","83.9400","83.2600"
"2017/10/31","83.3500","8539859.0000","83.6500","83.6800","83.1700"
"2017/10/30","83.5400","7810312.0000","83.7100","83.9500","83.4100"
"2017/10/27","83.7100","14861640.0000","83.0000","84.2400","82.0100"
"2017/10/26","83.4700","9148121.0000","83.3700","83.6500","83.1100"
"2017/10/25","83.1700","9152813.0000","83.4500","83.7300","82.9465"
"2017/10/24","83.4700","7466098.0000","83.5500","83.8065","83.3100"
"2017/10/23","83.2400","9829555.0000","83.1500","83.7600","83.0401"
"2017/10/20","83.1100","9533276.0000","82.8500","83.1300","82.6200"
"2017/10/19","82.7400","7945430.0000","82.3500","83.0500","82.3300"
"2017/10/18","82.7600","6361070.0000","82.9600","83.3910","82.5400"
"2017/10/17","82.9600","6338121.0000","82.6300","82.9700","82.5400"
"2017/10/16","82.8100","5725911.0000","82.7000","82.9500","82.5400"
"2017/10/13","82.4100","7174752.0000","82.7300","83.0800","82.3600"
"2017/10/12","82.4300","6742152.0000","82.3100","82.5000","82.1700"
"2017/10/11","82.6000","6983783.0000","82.1600","82.7400","82.1400"
"2017/10/10","82.2600","7218494.0000","82.3400","82.7350","82.0900"
"2017/10/09","82.0300","7489815.0000","81.8400","82.1800","81.7600"
"2017/10/06","81.7100","6064980.0000","81.7700","81.8900","81.3550"
"2017/10/05","82.0200","7369702.0000","81.7200","82.2400","81.5900"
"2017/10/04","81.7900","6351585.0000","81.8000","81.8700","81.4500"
"2017/10/03","81.7600","6079970.0000","81.4100","81.9700","81.3000"
"2017/10/02","81.6300","6769072.0000","81.3000","81.8190","81.2450"
"2017/09/29","81.9800","9851825.0000","81.9400","82.0550","81.5750"
"2017/09/28","82.1900","15579110.0000","81.6300","82.4500","81.5600"
"2017/09/27","81.4300","9615665.0000","80.8900","81.4500","80.7900"
"2017/09/26","80.8900","7503273.0000","80.7100","80.9950","80.5600"
"2017/09/25","80.9800","10482850.0000","80.0300","81.0000","79.9800"
"2017/09/22","79.9200","10049980.0000","79.7200","80.3000","79.6700"
"2017/09/21","79.8900","11867310.0000","80.4900","80.5300","79.7600"
"2017/09/20","80.5500","10586820.0000","80.2800","80.6600","80.2600"
"2017/09/19","80.2200","9275728.0000","80.0600","80.3900","79.9850"
"2017/09/18","80.0900","8439581.0000","79.7900","80.1400","79.7000"
"2017/09/15","80.0700","15972740.0000","80.1200","80.2100","79.5500"
"2017/09/14","80.0900","9063185.0000","79.8500","80.2300","79.7700"
"2017/09/13","79.7700","8365043.0000","79.5000","79.7700","79.3800"
"2017/09/12","79.5000","7649218.0000","79.4000","79.6900","79.2400"
"2017/09/11","79.2500","12955050.0000","79.4100","79.4200","78.9000"
"2017/09/08","78.8200","8435513.0000","79.0100","79.0400","78.6300"
"2017/09/07","79.0300","9833726.0000","79.0200","79.3299","78.6100"
"2017/09/06","78.7800","18314040.0000","77.8900","79.2250","77.5800"
"2017/09/05","77.1800","12784630.0000","76.6400","77.3600","76.6100"
"2017/09/01","76.5700","7358732.0000","76.3700","76.8500","76.3200"
"2017/08/31","76.3300","15641170.0000","76.2700","76.4900","76.0500"
"2017/08/30","76.1000","8134482.0000","76.2400","76.4500","76.0600"
"2017/08/29","76.4500","7052188.0000","76.2100","76.4900","76.0800"
"2017/08/28","76.4700","8225531.0000","76.9000","76.9400","76.2600"
"2017/08/25","76.7200","6841050.0000","76.5600","77.1300","76.4300"
"2017/08/24","76.3300","8677240.0000","76.5000","76.6500","76.2000"
"2017/08/23","76.6100","7051019.0000","76.7000","77.0100","76.4700"
"2017/08/22","76.7400","9501336.0000","76.5500","77.3350","76.5300"
"2017/08/21","76.3800","9994624.0000","76.4700","76.6200","76.0800"
"2017/08/18","76.6400","13539280.0000","76.1800","77.1100","76.0500"
"2017/08/17","76.2600","13099620.0000","77.2600","77.2800","76.2100"
"2017/08/16","77.4700","9108796.0000","78.0400","78.1700","77.3100"
"2017/08/15","78.0400","10348750.0000","78.1200","78.2500","77.6800"
"2017/08/14","78.2300","8861795.0000","78.6200","78.7900","78.1200"
"2017/08/11","78.2100","10185390.0000","79.2100","79.2500","78.2000"
"2017/08/10","78.9700","12577470.0000","79.7600","79.7800","78.9100"
"2017/08/09","80.2100","8083197.0000","80.2500","80.3500","79.7800"
"2017/08/08","79.9600","9024110.0000","80.0200","80.2150","79.8300"
"2017/08/07","80.1600","7892960.0000","80.1700","80.1700","79.8600"
"2017/08/04","80.2100","8287406.0000","80.4400","80.5600","80.0500"
"2017/08/03","80.4900","10135640.0000","80.3400","80.8200","80.2999"
"2017/08/02","80.6000","10181180.0000","79.9000","80.6400","79.8000"
"2017/08/01","80.1700","10416150.0000","80.1600","80.5400","79.9700"
"2017/07/31","80.0400","12805830.0000","79.8300","80.3900","79.6000"
"2017/07/28","79.6000","22796120.0000","79.6500","79.9200","78.2700"
"2017/07/27","80.8300","11140920.0000","80.2400","80.8800","79.8966"
"2017/07/26","80.3700","10464820.0000","80.5800","80.9000","80.2000"
"2017/07/25","80.2700","11462690.0000","80.7700","81.0500","80.2700"
"2017/07/24","79.8700","9402172.0000","80.0600","80.2200","79.7600"
"2017/07/21","80.1200","12265900.0000","80.6500","80.8400","80.0000"
"2017/07/20","80.8600","9676276.0000","80.9700","81.4900","80.7500"
"2017/07/19","80.8500","9391093.0000","80.4400","80.8700","80.2700"
"2017/07/18","80.6000","8023058.0000","81.0200","81.0800","80.4100"
"2017/07/17","80.8600","7887298.0000","81.0000","81.4300","80.8300"
"2017/07/14","81.2800","7496440.0000","81.0000","81.4100","80.7700"
"2017/07/13","80.9700","5581199.0000","80.9700","81.0900","80.7300"
"2017/07/12","80.9600","7972925.0000","81.1900","81.5150","80.7500"
"2017/07/11","80.6000","9608500.0000","80.3300","80.7547","80.0399"
"2017/07/10","80.1600","6337787.0000","80.0000","80.4100","79.9600"
"2017/07/07","80.2200","10399380.0000","80.2000","80.5950","79.8100"
"2017/07/06","80.1200","9820348.0000","80.8600","81.0800","80.0900"
"2017/07/05","80.8500","9828004.0000","81.6800","81.6800","80.5150"
"2017/07/03","82.1000","8422283.0000","80.7900","82.4900","80.7200"
"2017/06/30","80.7300","13989800.0000","81.0800","81.2410","80.7000"
"2017/06/29","80.7000","20518940.0000","81.3700","81.8400","80.4100"
"2017/06/28","81.5300","9189671.0000","81.4100","81.7600","81.1850"
"2017/06/27","81.1100","9220090.0000","81.4500","81.7300","81.1100"
"2017/06/26","81.2400","7716517.0000","81.5700","81.7500","80.9073"
"2017/06/23","81.6100","10608850.0000","80.8500","81.6900","80.7600"
"2017/06/22","81.0800","8138550.0000","81.4500","81.5800","80.9000"
"2017/06/21","81.4400","11418470.0000","82.0400","82.6300","81.1400"
"2017/06/20","82.3100","13230530.0000","82.0700","82.4660","81.4100"
"2017/06/19","82.7600","10351500.0000","83.2200","83.4500","82.5500"
"2017/06/16","83.4900","39578780.0000","82.6100","83.5400","82.2000"
"2017/06/15","82.2600","11862310.0000","81.7800","82.4000","81.5800"
"2017/06/14","82.0700","13712010.0000","82.8100","82.8200","81.5600"
"2017/06/13","82.9600","12173010.0000","82.8500","83.2700","82.5700"
"2017/06/12","82.9300","18167280.0000","82.6700","83.6900","82.6400"
"2017/06/09","82.1300","13542180.0000","81.1500","82.1400","80.6900"
"2017/06/08","80.6200","11635240.0000","80.5100","81.0800","80.4900"
"2017/06/07","80.9100","13090690.0000","81.0500","81.4000","80.3400"
"2017/06/06","81.2100","12202580.0000","80.3000","81.3200","80.2200"
"2017/06/05","80.1200","11515140.0000","79.4400","80.3900","79.4000"
"2017/06/02","79.5000","21676320.0000","80.5900","80.6800","79.2600"
"2017/06/01","80.7000","9878260.0000","80.3700","80.9000","80.1900"
"2017/05/31","80.5000","13570090.0000","80.9400","80.9500","80.4700"
"2017/05/30","81.1000","8966377.0000","81.2800","81.3400","81.0400"
"2017/05/26","81.5500","8220533.0000","81.6100","81.8000","80.8300"
"2017/05/25","81.7500","12368220.0000","82.3300","82.7100","81.5200"
"2017/05/24","82.2900","8256898.0000","82.4200","82.5400","82.0100"
"2017/05/23","82.5800","6856683.0000","82.3200","82.8850","82.2400"
"2017/05/22","82.2900","9217104.0000","82.1100","82.3300","81.9300"
"2017/05/19","81.9300","12924950.0000","82.0000","82.0900","81.6950"
"2017/05/18","81.7500","9905779.0000","81.7700","82.1500","81.4200"
"2017/05/17","81.9900","11135260.0000","82.3000","83.0400","81.9600"
"2017/05/16","82.5500","9570105.0000","82.9000","83.2300","82.4500"
"2017/05/15","82.8000","10776270.0000","83.0000","83.1829","82.6500"
"2017/05/12","82.5500","7479472.0000","82.3900","82.7100","82.2500"
"2017/05/11","82.6100","10045800.0000","82.5900","82.7100","82.1000"
"2017/05/10","81.9100","9520140.0000","82.1200","82.3700","81.6500"
"2017/05/09","82.3100","8639556.0000","82.9600","83.0000","82.1600"
"2017/05/08","82.8900","8095346.0000","82.0000","82.9400","82.0000"
"2017/05/05","82.0200","10211700.0000","81.6300","82.2350","81.6100"
"2017/05/04","81.6400","16162050.0000","82.2900","82.3600","81.4000"
"2017/05/03","82.7000","10280090.0000","81.9700","83.0699","81.9100"
"2017/05/02","82.0500","9019873.0000","82.1400","82.5900","81.9000"
"2017/05/01","82.0600","8664070.0000","81.5100","82.2100","81.4800"
"2017/04/28","81.6500","12070750.0000","82.4600","82.4900","81.5600"
"2017/04/27","81.2600","12376230.0000","81.0700","81.3000","80.9400"
"2017/04/26","81.4000","9436387.0000","81.5200","82.3300","81.3901"
"2017/04/25","81.7300","10714480.0000","81.4300","81.9301","81.2801"
"2017/04/24","81.1100","8717526.0000","81.2800","81.4000","80.8100"
"2017/04/21","80.6900","9812006.0000","80.9300","81.0000","80.4700"
"2017/04/20","81.0100","11642830.0000","80.9500","81.7400","80.7000"
"2017/04/19","80.4900","10757800.0000","81.1700","81.5100","80.3000"
"2017/04/18","81.0500","8815821.0000","81.3200","81.8200","81.0300"
"2017/04/17","81.5800","9574433.0000","81.8500","81.9700","81.4350"
"2017/04/13","81.6900","8660761.0000","82.7200","82.7290","81.5700"
"2017/04/12","82.9700","9515239.0000","82.8600","83.3500","82.7000"
"2017/04/11","82.8400","8575677.0000","83.0800","83.1700","82.4200"
"2017/04/10","83.1300","8884528.0000","83.1200","83.4700","82.9200"
"2017/04/07","82.7600","8908590.0000","83.2400","83.3600","82.6800"
"2017/04/06","83.0100","9547924.0000","82.7500","83.2100","82.4600"
"2017/04/05","82.5300","13792140.0000","82.8500","83.5500","82.4700"
"2017/04/04","82.3700","9264446.0000","82.1000","82.4200","81.3300"
"2017/04/03","82.0700","11437310.0000","82.0200","82.3100","81.3500"
"2017/03/31","82.0100","21734060.0000","83.2600","83.3100","81.8600"
"2017/03/30","83.7000","44673990.0000","82.0300","83.8700","81.9350"
"2017/03/29","82.0200","8494693.0000","81.6900","82.2833","81.5470"
"2017/03/28","81.8400","11022320.0000","81.3200","82.0200","80.9600"
"2017/03/27","81.2500","8468031.0000","80.8200","81.4300","80.7910"
"2017/03/24","81.2300","9118829.0000","82.0300","82.0300","81.1490"
"2017/03/23","81.8600","8927004.0000","81.6300","82.2200","81.4600"
"2017/03/22","81.7600","11161210.0000","81.9600","82.0900","81.4300"
"2017/03/21","81.8300","13389790.0000","82.1600","82.3500","81.6000"
"2017/03/20","82.0000","7699658.0000","81.7200","82.0400","81.4400"
"2017/03/17","82.0000","18828130.0000","82.0300","82.2600","81.8200"
"2017/03/16","82.0700","9923605.0000","82.0300","82.2000","81.6700"
"2017/03/15","82.0000","11966690.0000","81.3500","82.0600","81.0450"
"2017/03/14","80.9900","11333060.0000","81.0000","81.2290","80.4400"
"2017/03/13","81.4200","9420033.0000","81.5000","81.9400","81.0500"
"2017/03/10","81.6100","11354630.0000","82.4400","82.4700","81.1550"
"2017/03/09","81.6700","14708280.0000","80.6400","81.7200","80.3100"
"2017/03/08","81.0300","16813700.0000","82.3500","82.3800","81.0100"
"2017/03/07","82.5200","12710160.0000","83.1100","83.2900","82.1400"
"2017/03/06","82.8300","9616011.0000","82.4400","82.9000","82.3310"
"2017/03/03","82.4600","12291790.0000","83.5600","83.6000","82.2600"
"2017/03/02","83.3000","14159890.0000","82.8000","84.2500","82.7900"
"2017/03/01","83.0200","17476710.0000","81.7000","83.3300","81.7000"
"2017/02/28","81.3200","16828040.0000","81.5300","81.9900","81.0500"
"2017/02/27","81.5400","13456190.0000","81.1300","81.7100","80.8100"
"2017/02/24","81.0800","11336170.0000","81.6000","81.8000","80.7600"
"2017/02/23","81.7800","13840770.0000","81.4200","82.2200","81.0300"
"2017/02/22","80.9300","12897880.0000","81.6500","81.7000","80.8700"
"2017/02/21","81.8900","16413360.0000","82.1200","82.1500","81.3000"
"2017/02/17","81.7600","15631780.0000","82.0900","82.1900","81.4400"
"2017/02/16","82.3000","10612220.0000","83.1200","83.4200","82.1700"
"2017/02/15","83.1600","11761910.0000","82.6400","83.1800","82.4634"
"2017/02/14","82.8200","11369840.0000","82.9100","83.1000","82.0600"
"2017/02/13","83.0000","9056892.0000","82.7700","83.1837","82.3500"
"2017/02/10","82.5200","8739381.0000","82.2600","82.7700","82.1300"
"2017/02/09","81.8400","9574366.0000","81.8000","82.0500","81.6650"
"2017/02/08","81.4800","14003910.0000","81.9900","82.1200","81.1700"
"2017/02/07","82.7700","11689350.0000","83.2300","83.6200","82.4500"
"2017/02/06","83.3100","9929942.0000","83.5500","83.6500","82.9300"
"2017/02/03","83.5400","12732810.0000","83.7000","83.7200","82.9000"
"2017/02/02","83.4500","12190440.0000","83.2100","83.5300","82.5500"
"2017/02/01","82.9400","15084320.0000","84.0000","84.1600","82.5400"
"2017/01/31","83.8900","19126180.0000","85.0400","85.0700","83.1300"
"2017/01/30","84.8600","12761330.0000","85.4200","85.4500","84.1750"
"2017/01/27","85.5100","10942330.0000","85.3000","85.7500","85.0441"
"2017/01/26","85.6000","8775047.0000","85.6900","85.8300","85.1200"
"2017/01/25","85.3400","9576700.0000","85.3400","85.8800","85.2500"
"2017/01/24","85.0900","11834120.0000","84.9800","85.4700","84.8250"
"2017/01/23","84.9700","11413130.0000","85.6800","85.8800","84.7500"
"2017/01/20","85.8900","18699760.0000","85.4400","85.9600","85.0500"
"2017/01/19","84.7300","16355880.0000","85.9700","86.1000","84.5900"
"2017/01/18","86.2800","11812980.0000","87.0600","87.4100","86.0500"
"2017/01/17","87.3600","13233190.0000","86.5800","87.3900","86.2500"
"2017/01/13","86.3500","8404428.0000","86.2700","86.6800","86.1700"
"2017/01/12","86.3400","10394730.0000","87.2700","87.3800","86.0700"
"2017/01/11","86.8100","11031980.0000","85.9000","86.9500","85.8600"
"2017/01/10","85.9300","13267310.0000","87.1700","87.3100","85.9100"
"2017/01/09","87.0400","13746820.0000","88.2200","88.2200","86.5500"
"2017/01/06","88.5000","16508660.0000","88.7900","88.9800","87.8200"
"2017/01/05","88.5500","14438510.0000","90.1900","90.3000","88.4400"
"2017/01/04","89.8900","9384256.0000","91.1200","91.1500","89.7500"
"2017/01/03","90.8900","10344430.0000","90.9400","91.3400","90.1500"
"2016/12/30","90.2600","9117025.0000","90.0300","90.7000","90.0100"
"2016/12/29","90.3500","6683867.0000","90.1000","90.6000","90.0300"
"2016/12/28","90.3000","6574300.0000","90.6800","91.1100","90.2600"
"2016/12/27","90.7500","4913368.0000","90.8300","91.1100","90.5800"
"2016/12/23","90.7100","4266137.0000","90.8900","90.9600","90.5200"
"2016/12/22","90.8700","7989703.0000","90.0200","90.9000","90.0200"
"2016/12/21","90.2800","7298098.0000","90.6800","90.9000","90.1800"
"2016/12/20","90.4300","7206835.0000","90.5100","90.8500","90.2900"
"2016/12/19","90.4200","9651496.0000","91.3800","91.5400","90.2000"
"2016/12/16","91.1800","20291240.0000","91.5200","91.6700","90.6400"
"2016/12/15","90.8900","11135690.0000","90.1000","90.9800","89.7600"
"2016/12/14","90.5800","16322600.0000","92.2600","92.2700","90.1700"
"2016/12/13","92.5800","18235580.0000","91.8900","93.2150","91.1700"
"2016/12/12","90.9800","15536580.0000","90.1400","91.5000","90.1400"
"2016/12/09","89.0000","8014781.0000","88.6400","89.0000","88.1800"
"2016/12/08","88.3200","9029482.0000","88.0500","88.8500","87.6500"
"2016/12/07","88.0700","10899320.0000","87.6300","88.1500","87.2000"
"2016/12/06","87.5600","11280350.0000","87.2700","87.8700","86.6999"
"2016/12/05","87.4800","11721290.0000","87.3900","87.8200","86.9200"
"2016/12/02","87.0400","9695961.0000","87.1900","87.9900","86.6000"
"2016/12/01","87.2400","12999540.0000","87.9800","88.5000","87.2400"
"2016/11/30","87.3000","22647820.0000","87.6000","88.1900","87.2000"
"2016/11/29","85.9000","9161668.0000","85.4200","86.0750","85.0800"
"2016/11/28","86.4700","7399912.0000","86.9500","87.1348","86.3700"
"2016/11/25","87.1200","5043042.0000","86.7100","87.1400","86.5400"
"2016/11/23","86.9200","6060681.0000","86.5400","87.0800","86.3101"
"2016/11/22","86.6800","9387598.0000","86.6900","87.2400","85.9700"
"2016/11/21","86.4900","8847675.0000","86.4400","86.6900","86.1350"
"2016/11/18","85.2800","8350130.0000","85.2100","85.6500","84.8300"
"2016/11/17","85.2300","8174752.0000","86.4400","86.8800","85.0200"
"2016/11/16","85.7500","8137416.0000","86.7400","86.7800","85.5800"
"2016/11/15","86.8200","12882240.0000","85.7700","87.0600","85.7700"
"2016/11/14","85.2800","12582220.0000","85.3000","85.6500","84.3250"
"2016/11/11","85.6700","13732880.0000","86.5300","86.7300","84.8900"
"2016/11/10","87.0500","14069230.0000","85.9100","87.9900","85.6600"
"2016/11/09","86.2500","15864210.0000","84.0500","86.7100","83.6600"
"2016/11/08","85.3100","9718516.0000","84.7300","85.8300","84.4900"
"2016/11/07","85.4500","13556890.0000","84.4900","85.4700","84.4004"
"2016/11/04","83.5700","13858600.0000","83.6300","84.3300","82.7600"
"2016/11/03","83.6600","8818660.0000","83.6800","83.8800","83.0500"
"2016/11/02","83.4500","11198430.0000","83.3000","83.8800","82.9400"
"2016/11/01","83.6500","13035880.0000","83.5000","83.9200","83.2700"
"2016/10/31","83.3200","16608610.0000","83.8800","84.4000","82.9900"
"2016/10/28","84.7800","19070570.0000","85.2800","86.3600","84.1400"
"2016/10/27","86.9200","9052759.0000","87.2800","87.6600","86.8000"
"2016/10/26","87.0900","8478130.0000","86.2500","87.4500","85.9500"
"2016/10/25","86.7200","6820764.0000","86.6700","87.6500","86.6000"
"2016/10/24","86.9100","8331278.0000","86.7400","87.3200","86.0700"
"2016/10/21","86.6200","10719610.0000","86.4200","86.8200","85.6985"
"2016/10/20","87.2100","6853804.0000","86.7900","87.5000","86.6000"
"2016/10/19","87.1700","9361063.0000","87.1900","87.8500","86.8800"
"2016/10/18","86.7700","5407652.0000","87.1700","87.3300","86.3800"
"2016/10/17","86.5400","7255758.0000","86.4800","86.7900","86.0700"
"2016/10/14","86.5400","7977738.0000","87.1900","87.5350","86.4800"
"2016/10/13","86.5600","9884502.0000","86.3500","86.8690","85.4300"
"2016/10/12","87.1300","8172309.0000","87.2200","87.7200","86.6700"
"2016/10/11","87.7400","9289679.0000","88.0800","88.1900","87.3000"
"2016/10/10","88.4400","10050930.0000","87.5400","88.6700","87.5100"
"2016/10/07","86.7400","6599116.0000","86.9500","87.4000","86.4200"
"2016/10/06","87.0400","7717701.0000","87.2500","87.4700","86.4400"
"2016/10/05","87.0000","8790339.0000","86.8300","87.1700","86.7000"
"2016/10/04","86.2500","8211433.0000","87.3800","87.5000","86.0700"
"2016/10/03","87.0500","7082632.0000","86.9400","87.2000","86.5400"
"2016/09/30","87.2800","15927840.0000","86.8400","87.8100","86.6500"
"2016/09/29","86.4600","19055180.0000","86.9700","87.2000","85.6750"
"2016/09/28","86.9000","28102320.0000","83.4600","87.2300","83.3400"
"2016/09/27","83.2400","9587485.0000","82.5900","83.3400","82.2900"
"2016/09/26","83.0600","10851050.0000","83.5200","84.5000","82.9300"
"2016/09/23","83.4500","12663580.0000","82.6800","84.3100","82.5900"
"2016/09/22","83.5400","10703170.0000","84.2800","84.5500","83.3800"
"2016/09/21","83.3000","15033980.0000","82.8200","83.6200","82.3100"
"2016/09/20","82.5400","17234820.0000","83.7300","83.9500","82.5400"
"2016/09/19","83.8300","7928951.0000","84.5800","84.6200","83.8100"
"2016/09/16","84.0300","21515600.0000","84.5100","85.0500","83.5600"
"2016/09/15","85.0800","9235549.0000","84.6700","85.6500","84.5200"
"2016/09/14","84.6000","13935400.0000","85.0400","85.8300","84.2650"
"2016/09/13","85.2100","13178200.0000","86.4600","86.4700","85.0800"
"2016/09/12","87.2900","10873270.0000","86.7800","87.7100","86.6300"
"2016/09/09","86.8400","12773160.0000","88.6600","88.6600","86.8000"
"2016/09/08","89.0500","9575778.0000","88.5500","89.3700","88.0400"
"2016/09/07","88.2400","7464947.0000","88.6500","88.6700","87.9700"
"2016/09/06","88.5700","9846087.0000","87.8400","88.6400","87.6600"
"2016/09/02","87.4200","7086757.0000","87.4200","87.5800","86.9307"
"2016/09/01","86.8400","8430869.0000","86.7200","86.8400","86.0900"
"2016/08/31","87.1400","12483060.0000","87.1400","87.2100","86.2200"
"2016/08/30","87.5200","6436009.0000","87.8700","88.2500","87.3650"
"2016/08/29","87.8400","7027095.0000","87.0400","87.9200","87.0400"
"2016/08/26","87.2700","6472289.0000","87.6300","88.1100","87.0000"
"2016/08/25","87.4600","6931637.0000","88.0200","88.0300","87.2400"
"2016/08/24","88.0200","7981174.0000","87.5000","88.1600","87.3500"
"2016/08/23","87.7200","6508102.0000","87.8400","88.0200","87.5600"
"2016/08/22","87.9900","8171550.0000","87.3100","88.1000","86.8450"
"2016/08/19","87.8000","8433365.0000","88.6300","88.7400","87.7900"
"2016/08/18","88.9100","10335980.0000","88.3800","88.9400","88.1200"
"2016/08/17","88.1100","7100006.0000","87.9200","88.1800","87.6600"
"2016/08/16","87.9200","6807778.0000","87.8300","88.1799","87.3700"
"2016/08/15","87.8100","6431931.0000","88.4200","88.5000","87.6400"
"2016/08/12","87.8500","9986463.0000","86.9600","87.9800","86.9000"
"2016/08/11","86.7200","11614540.0000","86.6900","87.2700","86.2600"
"2016/08/10","86.4100","12688920.0000","87.7800","87.9200","86.0100"
"2016/08/09","88.7000","9647000.0000","88.6200","88.7600","88.1800"
"2016/08/08","88.5900","10481140.0000","88.0500","88.8900","88.0300"
"2016/08/05","87.5600","9598369.0000","87.7300","87.8300","87.1500"
"2016/08/04","87.4800","13445850.0000","87.5000","87.6500","87.0300"
"2016/08/03","87.4900","14629500.0000","87.0100","87.4900","86.6000"
"2016/08/02","87.0400","18898990.0000","86.4500","87.3200","85.5800"
"2016/08/01","85.8600","22901530.0000","88.0800","88.1500","85.5900"
"2016/07/29","88.9500","23919130.0000","87.6100","89.0100","86.1200"
"2016/07/28","90.2000","12430750.0000","90.5400","90.7300","89.6100"
"2016/07/27","90.9100","9996266.0000","91.5100","91.8050","90.6300"
"2016/07/26","91.5300","12116630.0000","91.6300","92.0300","91.1100"
"2016/07/25","92.2000","10839540.0000","93.4700","93.6200","91.7600"
"2016/07/22","94.0100","7137681.0000","94.1100","94.2940","93.7200"
"2016/07/21","93.8500","7756365.0000","93.8900","94.2600","93.4600"
"2016/07/20","93.9300","7381687.0000","94.2500","94.4161","93.8000"
"2016/07/19","94.4700","5901790.0000","94.7600","94.9400","94.2000"
"2016/07/18","94.8200","9861809.0000","94.9200","95.1500","94.4000"
"2016/07/15","95.1200","10334350.0000","95.4400","95.5500","94.6400"
"2016/07/14","94.9500","9287847.0000","95.0500","95.5300","94.6200"
"2016/07/13","94.8800","9451464.0000","94.6500","94.9150","94.1100"
"2016/07/12","94.9500","9864606.0000","94.6700","94.9500","94.0900"
"2016/07/11","93.8900","8297875.0000","93.7500","94.4100","93.6500"
"2016/07/08","93.5400","9807385.0000","93.3900","93.7800","92.9200"
"2016/07/07","92.9600","12235560.0000","94.3400","94.4900","92.3500"
"2016/07/06","94.0900","13137510.0000","93.3500","94.1200","92.4400"
"2016/07/05","93.0200","10737650.0000","93.1200","93.6000","92.2500"
"2016/07/01","93.8400","9945159.0000","93.3600","93.9800","93.0700"
"2016/06/30","93.7400","14069580.0000","92.3300","93.8273","92.3000"
"2016/06/29","92.4600","13919470.0000","91.4100","92.7000","91.1200"
"2016/06/28","90.9100","13247140.0000","89.7300","90.9300","89.5200"
"2016/06/27","88.8600","14390230.0000","88.9000","89.1000","88.1100"
"2016/06/24","89.3900","19992430.0000","89.8800","90.8000","89.1500"
"2016/06/23","91.8000","9445376.0000","91.9300","92.0700","91.1900"
"2016/06/22","91.1700","8777833.0000","91.8400","91.9300","91.0050"
"2016/06/21","91.5300","8548061.0000","90.7200","91.6400","90.2500"
"2016/06/20","91.1200","9386319.0000","91.2900","91.5900","91.0700"
"2016/06/17","90.7200","17474920.0000","91.4900","91.5900","90.1900"
"2016/06/16","91.2200","12812670.0000","89.7000","91.3900","89.1100"
"2016/06/15","90.1600","10654880.0000","90.2300","90.9000","90.0000"
"2016/06/14","90.4300","10159350.0000","90.4500","90.8700","89.8500"
"2016/06/13","90.5900","11369540.0000","89.9200","91.4300","89.7000"
"2016/06/10","89.9800","10352750.0000","90.4000","90.9200","89.7801"
"2016/06/09","90.6700","8974318.0000","90.1800","91.0300","90.1100"
"2016/06/08","90.7900","9982492.0000","91.0300","91.3000","90.5300"
"2016/06/07","90.7100","12878840.0000","89.7500","90.9200","89.7100"
"2016/06/06","89.3400","8562357.0000","88.8700","89.5000","88.6900"
"2016/06/03","88.3700","9363255.0000","88.4400","88.8300","88.0300"
"2016/06/02","88.5300","9834804.0000","88.2100","88.5300","87.6100"
"2016/06/01","89.2400","7990688.0000","88.4300","89.4500","88.1300"
"2016/05/31","89.0200","13173650.0000","90.0000","90.2000","88.7300"
"2016/05/27","90.0100","7502310.0000","89.4000","90.0500","89.3200"
"2016/05/26","89.8000","7867824.0000","90.2500","90.4600","89.2700"
"2016/05/25","90.2600","9578344.0000","89.8500","90.3700","89.5900"
"2016/05/24","89.6700","10052210.0000","89.8900","90.4000","89.5500"
"2016/05/23","89.6000","11765850.0000","89.0000","89.9000","88.8201"
"2016/05/20","89.7400","13190670.0000","90.3900","90.4000","89.3800"
"2016/05/19","90.1100","14395460.0000","88.6100","90.1600","88.4500"
"2016/05/18","89.3500","9675382.0000","89.8000","90.0000","88.6500"
"2016/05/17","89.5300","9833966.0000","89.2700","89.9100","89.1600"
"2016/05/16","89.5700","8638611.0000","89.2000","89.6700","89.0000"
"2016/05/13","88.6600","9717505.0000","89.2800","89.6600","88.5100"
"2016/05/12","89.6700","10716400.0000","89.8000","89.9300","89.1500"
"2016/05/11","88.8100","11636720.0000","89.1600","89.6800","88.7200"
"2016/05/10","89.9900","12498480.0000","88.9000","90.0000","88.8200"
"2016/05/09","88.5700","11156940.0000","88.6000","88.7600","87.2300"
"2016/05/06","88.5100","7967377.0000","87.4600","88.6815","87.4600"
"2016/05/05","88.0400","8717341.0000","88.7600","88.9700","87.6201"
"2016/05/04","87.9400","10594700.0000","88.3000","88.7400","87.6000"
"2016/05/03","88.1100","10133580.0000","88.4000","88.6300","87.3550"
"2016/05/02","89.1300","10239040.0000","88.2400","89.4765","88.0800"
"2016/04/29","88.4000","17848520.0000","88.6800","89.7800","87.7400"
"2016/04/28","88.0300","11269770.0000","87.8600","88.7750","87.5000"
"2016/04/27","88.4600","10460800.0000","87.9500","88.7150","87.3300"
"2016/04/26","87.6300","9423963.0000","87.7500","87.9400","87.0600"
"2016/04/25","87.3300","8074063.0000","87.0900","87.4000","86.3520"
"2016/04/22","87.5300","9139481.0000","87.2400","87.6400","86.8200"
"2016/04/21","86.7900","12075290.0000","86.5900","87.8400","86.5700"
"2016/04/20","86.8000","15237930.0000","86.2300","87.4400","85.9700"
"2016/04/19","86.2100","10347420.0000","85.8500","86.3100","85.2200"
"2016/04/18","85.7800","9095906.0000","83.8900","85.8600","83.8600"
"2016/04/15","84.9700","11274750.0000","85.3000","85.6600","84.7800"
"2016/04/14","85.4300","10624570.0000","85.0000","85.9000","84.7600"
"2016/04/13","84.8300","9224016.0000","84.5000","84.9100","84.0400"
"2016/04/12","84.3500","9985498.0000","83.6900","84.6300","83.3700"
"2016/04/11","83.3200","9915576.0000","83.3300","84.2400","83.2800"
"2016/04/08","83.2100","9376165.0000","83.3000","83.4500","82.8500"
"2016/04/07","82.3700","8263917.0000","82.7600","83.1700","82.0500"
"2016/04/06","83.3100","9309864.0000","82.6900","83.4600","82.3000"
"2016/04/05","82.2100","10430470.0000","82.6100","83.1300","81.9900"
"2016/04/04","83.1600","8038384.0000","83.0600","83.9000","82.7800"
"2016/04/01","82.9600","12235230.0000","82.4000","83.3900","82.3900"
"2016/03/31","83.5900","13884870.0000","84.0700","85.1000","83.5900"
"2016/03/30","84.5200","10801650.0000","85.0300","85.0500","84.0000"
"2016/03/29","84.5300","9976726.0000","83.6700","84.6134","83.1600"
"2016/03/28","84.2200","7485385.0000","84.0300","84.3600","83.7000"
"2016/03/24","83.9800","9367188.0000","82.9400","84.0250","82.9300"
"2016/03/23","83.7500","12713890.0000","83.8600","84.2999","83.5200"
"2016/03/22","84.1200","12976000.0000","83.0800","84.8600","83.0100"
"2016/03/21","83.6200","8384750.0000","83.8400","84.1390","83.5000"
"2016/03/18","84.2000","19654850.0000","84.5900","84.6000","83.2539"
"2016/03/17","84.1000","13660690.0000","83.6800","84.6750","82.7200"
"2016/03/16","82.8700","11491250.0000","83.0200","83.1600","81.9400"
"2016/03/15","82.8200","9201458.0000","81.6000","82.8500","81.5200"
