"2019/03/15","165.9800","37088870.0000","167.1600","167.5800","162.5100"
"2019/03/14","170.1700","17882100.0000","169.7600","171.1500","168.1600"
"2019/03/13","173.3700","11514940.0000","172.3200","174.0300","172.1200"
"2019/03/12","171.9200","12136730.0000","172.0900","173.8000","171.2178"
"2019/03/11","172.0700","18534610.0000","171.6000","174.3000","171.5800"
"2019/03/08","169.6000","12737410.0000","166.2000","169.6200","165.9700"
"2019/03/07","169.1300","18200280.0000","171.5000","171.7400","167.6100"
"2019/03/06","172.5100","20775850.0000","172.9000","173.5700","171.2700"
"2019/03/05","171.2600","26581790.0000","167.3700","171.8800","166.5500"
"2019/03/04","167.3700","18864670.0000","163.9000","167.5000","163.8300"
"2019/03/01","162.2800","11022100.0000","162.6000","163.1320","161.6900"
"2019/02/28","161.4500","11083060.0000","162.3700","163.5000","160.8600"
"2019/02/27","162.8100","12685830.0000","162.9000","163.9300","160.4100"
"2019/02/26","164.1300","13630540.0000","164.3350","166.2400","163.8000"
"2019/02/25","164.6200","17615000.0000","163.0700","166.0700","162.9000"
"2019/02/22","161.8900","15845990.0000","160.5800","162.4100","160.3100"
"2019/02/21","160.0400","15455630.0000","161.9300","162.2400","159.5900"
"2019/02/20","162.5600","11758420.0000","162.2500","163.7200","161.2500"
"2019/02/19","162.2900","14320590.0000","160.5000","164.1500","160.3300"
"2019/02/15","162.5000","15485430.0000","164.5100","164.7000","160.8600"
"2019/02/14","163.9500","12696560.0000","163.1900","164.8697","162.2468"
"2019/02/13","164.0700","14168500.0000","165.3800","166.2200","163.7300"
"2019/02/12","165.0400","16241390.0000","166.8600","168.3400","164.5000"
"2019/02/11","165.7900","12694750.0000","167.9000","168.3000","165.0800"
"2019/02/08","167.3300","12485700.0000","164.4700","167.3700","164.2100"
"2019/02/07","166.3800","17206800.0000","168.2000","169.2400","165.2500"
"2019/02/06","170.4900","13254460.0000","171.2000","172.4700","169.2700"
"2019/02/05","171.1600","21723960.0000","169.1500","171.9800","168.6900"
"2019/02/04","169.2500","19980980.0000","165.7000","169.3000","163.6200"
"2019/02/01","165.7100","30742790.0000","165.8400","169.1000","165.6600"
"2019/01/31","166.6900","77005780.0000","165.6000","171.6800","165.0000"
"2019/01/30","150.4200","41676170.0000","146.2200","150.9500","145.6953"
"2019/01/29","144.1900","17451800.0000","148.0900","148.1000","143.4300"
"2019/01/28","147.4700","15242960.0000","148.0500","148.9600","146.2100"
"2019/01/25","149.0100","22227160.0000","147.4800","149.8300","146.5400"
"2019/01/24","145.8300","20932280.0000","144.6400","146.4400","142.5200"
"2019/01/23","144.3000","20060100.0000","148.2800","148.8000","143.0550"
"2019/01/22","147.5700","22310570.0000","149.2000","151.5300","146.3700"
"2019/01/18","150.0400","30631520.0000","149.7500","152.4300","148.5500"
"2019/01/17","148.3000","15480790.0000","146.9500","149.0000","146.5000"
"2019/01/16","147.5400","17977150.0000","149.0000","149.6499","146.9975"
"2019/01/15","148.9500","24036820.0000","146.0100","150.6800","145.9900"
"2019/01/14","145.3900","19864680.0000","142.0000","146.5700","141.2700"
"2019/01/11","143.8000","12780600.0000","143.1500","145.3600","142.5700"
"2019/01/10","144.2000","16057330.0000","143.0800","144.5600","140.8400"
"2019/01/09","144.2300","22131500.0000","142.9500","144.7000","141.2700"
"2019/01/08","142.5300","26191030.0000","139.8900","143.1400","139.5400"
"2019/01/07","138.0500","19988840.0000","137.5600","138.8700","135.9100"
"2019/01/04","137.9500","27973370.0000","134.0100","138.0000","133.7500"
"2019/01/03","131.7400","22448730.0000","134.6900","137.1700","131.1200"
"2019/01/02","135.6800","27967450.0000","128.9900","137.5100","128.5600"
"2018/12/31","131.0900","24552820.0000","134.4500","134.6400","129.9500"
"2018/12/28","133.2000","22351260.0000","135.3400","135.9200","132.2000"
"2018/12/27","134.5200","30305940.0000","132.4400","134.9900","129.6700"
"2018/12/26","134.1800","39526860.0000","126.0000","134.2400","125.8900"
"2018/12/24","124.0600","22066000.0000","123.1000","129.7400","123.0200"
"2018/12/21","124.9500","56624760.0000","133.3900","134.9000","123.4200"
"2018/12/20","133.4000","40202130.0000","130.7000","135.5700","130.0000"
"2018/12/19","133.2400","57110060.0000","141.2100","144.9100","132.5000"
"2018/12/18","143.6600","23678090.0000","141.0800","145.9300","139.8301"
"2018/12/17","140.1900","23838160.0000","143.0800","144.9200","138.4200"
"2018/12/14","144.0600","21773500.0000","143.3400","146.0100","142.5100"
"2018/12/13","145.0100","18090420.0000","145.5700","145.8500","143.1900"
"2018/12/12","144.5000","23349970.0000","143.0800","147.1900","142.5100"
"2018/12/11","142.0800","19429850.0000","143.8800","143.8800","141.1000"
"2018/12/10","141.8500","26315700.0000","139.6000","143.0500","139.0100"
"2018/12/07","137.4200","20583170.0000","139.2500","140.8700","136.6566"
"2018/12/06","139.6300","27625310.0000","133.8200","139.7000","133.6700"
"2018/12/04","137.9300","30227750.0000","140.7300","143.3900","137.1600"
"2018/12/03","141.0900","24697080.0000","143.0000","143.6799","140.7600"
"2018/11/30","140.6100","25716150.0000","138.2600","140.9660","137.3600"
"2018/11/29","138.6800","23935390.0000","135.9200","139.9900","135.6600"
"2018/11/28","136.7600","28701670.0000","136.2800","136.7899","131.8500"
"2018/11/27","135.0000","20477390.0000","135.7500","136.6126","133.7100"
"2018/11/26","136.3800","23459920.0000","133.0000","137.0000","132.7800"
"2018/11/23","131.7300","11886130.0000","133.6500","134.5000","131.2551"
"2018/11/21","134.8200","25365750.0000","134.4000","137.1900","134.1300"
"2018/11/20","132.4300","41888940.0000","127.0300","134.1592","126.8500"
"2018/11/19","131.5500","44051860.0000","137.6100","137.7500","131.2100"
"2018/11/16","139.5300","37139590.0000","141.0700","141.7700","137.7700"
"2018/11/15","143.8500","29803280.0000","142.3300","144.8400","140.8300"
"2018/11/14","144.2200","22019830.0000","143.7000","145.5800","141.5500"
"2018/11/13","142.1600","15062230.0000","142.0000","144.8800","141.6200"
"2018/11/12","141.5500","18387680.0000","144.4800","145.0400","140.4899"
"2018/11/09","144.9600","17305480.0000","146.7500","147.7600","144.0700"
"2018/11/08","147.8700","24061590.0000","150.4900","150.9400","146.7400"
"2018/11/07","151.5300","21740210.0000","151.5700","153.0100","149.8300"
"2018/11/06","149.9400","16302120.0000","149.3100","150.9700","148.0000"
"2018/11/05","148.6800","15894150.0000","150.1000","150.1900","147.4400"
"2018/11/02","150.3500","24479290.0000","151.8000","154.1300","148.9600"
"2018/11/01","151.7500","25435380.0000","151.5200","152.7500","149.3500"
"2018/10/31","151.7900","59983970.0000","155.0000","156.4000","148.9600"
"2018/10/30","146.2200","45351650.0000","139.9350","146.6400","139.7419"
"2018/10/29","142.0900","31270990.0000","148.5000","148.8300","139.0300"
"2018/10/26","145.3700","31235150.0000","145.8200","149.0000","143.8000"
"2018/10/25","150.9500","22000170.0000","147.7300","152.2100","147.0000"
"2018/10/24","146.0400","27574300.0000","154.2800","154.6500","145.6000"
"2018/10/23","154.3900","19066360.0000","151.2200","154.7700","150.8500"
"2018/10/22","154.7800","15381630.0000","154.7600","157.3400","154.4600"
"2018/10/19","154.0500","19636460.0000","155.8600","157.3500","153.5500"
"2018/10/18","154.9200","21123820.0000","158.5100","158.6600","153.2800"
"2018/10/17","159.4200","17307030.0000","159.5600","160.4900","157.9500"
"2018/10/16","158.7800","18711620.0000","155.4000","159.4600","155.0100"
"2018/10/15","153.5200","15194060.0000","153.3200","155.5700","152.5500"
"2018/10/12","153.7400","25209770.0000","156.7300","156.8900","151.2998"
"2018/10/11","153.3500","35225150.0000","150.1300","154.8100","149.1600"
"2018/10/10","151.3800","30143210.0000","156.8200","157.6900","151.3100"
"2018/10/09","157.9000","18494270.0000","157.6900","160.5900","157.4200"
"2018/10/08","157.2500","23825100.0000","155.5400","158.3400","154.3900"
"2018/10/05","157.3300","25727470.0000","159.2100","160.9000","156.2000"
"2018/10/04","158.8500","25707300.0000","161.4600","161.4600","157.3500"
"2018/10/03","162.4300","23086120.0000","160.0000","163.6600","159.5300"
"2018/10/02","159.3300","35303190.0000","161.5800","162.2800","158.6700"
"2018/10/01","162.4400","26260420.0000","163.0300","165.8800","161.2600"
"2018/09/28","164.4600","33786480.0000","168.3300","168.7900","162.5600"
"2018/09/27","168.8400","27192570.0000","167.5500","171.7700","167.2100"
"2018/09/26","166.9500","24271500.0000","164.3000","169.3000","164.2100"
"2018/09/25","164.9100","27430470.0000","161.9900","165.5900","161.1500"
"2018/09/24","165.4100","18907320.0000","161.0300","165.7000","160.8800"
"2018/09/21","162.9300","45847680.0000","166.6400","167.2500","162.8100"
"2018/09/20","166.0200","18812060.0000","164.5000","166.4500","164.4722"
"2018/09/19","163.0600","19568020.0000","160.0800","163.4400","159.4800"
"2018/09/18","160.3000","22331470.0000","159.3900","161.7639","158.8656"
"2018/09/17","160.5800","20951950.0000","161.9200","162.0600","159.7700"
"2018/09/14","162.3200","21682850.0000","161.7150","162.8400","160.3400"
"2018/09/13","161.3600","25376900.0000","162.0000","163.3200","160.8600"
"2018/09/12","162.0000","24033850.0000","163.2500","164.4900","161.8000"
"2018/09/11","165.9400","20285090.0000","163.9400","167.1900","163.7200"
"2018/09/10","164.1800","19896190.0000","163.5100","165.0100","162.1600"
"2018/09/07","163.0400","24151910.0000","160.3100","164.6269","160.1600"
"2018/09/06","162.5300","41418330.0000","166.9800","166.9800","160.0000"
"2018/09/05","167.1800","31191210.0000","169.4900","171.1250","166.6700"
"2018/09/04","171.1600","29460630.0000","173.5000","173.8900","168.8000"
"2018/08/31","175.7300","18025110.0000","177.1500","177.6200","174.9815"
"2018/08/30","177.6400","24105390.0000","175.9000","179.7901","175.7000"
"2018/08/29","175.9000","18357780.0000","176.2950","176.7900","174.7500"
"2018/08/28","176.2600","15720690.0000","178.1000","178.2399","175.8300"
"2018/08/27","177.4600","17853600.0000","175.9900","178.6700","175.7900"
"2018/08/24","174.6450","14519920.0000","173.7000","174.8200","172.9200"
"2018/08/23","172.9000","17945260.0000","173.0900","175.5500","172.8300"
"2018/08/22","173.6400","16760320.0000","172.2100","174.2400","172.1300"
"2018/08/21","172.6200","19475690.0000","172.8100","174.1700","171.3900"
"2018/08/20","172.5000","21449120.0000","174.0400","174.5700","170.9100"
"2018/08/17","173.8000","24819470.0000","174.5000","176.2200","172.0400"
"2018/08/16","174.7000","31161240.0000","180.4200","180.5000","174.0100"
"2018/08/15","179.5300","32658240.0000","179.3400","180.8700","174.7800"
"2018/08/14","181.1100","18961200.0000","180.7100","181.9900","178.6200"
"2018/08/13","180.0500","17349150.0000","180.1000","182.6100","178.9000"
"2018/08/10","180.2600","21467940.0000","182.0400","182.1000","179.4200"
"2018/08/09","183.0900","19652850.0000","185.8490","186.5700","182.4800"
"2018/08/08","185.1800","22178460.0000","184.7500","186.8500","183.7600"
"2018/08/07","183.8100","33127670.0000","186.5000","188.3000","183.7200"
"2018/08/06","185.6900","49600350.0000","178.9700","185.7900","178.3800"
"2018/08/03","177.7800","24730780.0000","177.6900","178.8500","176.1500"
"2018/08/02","176.3700","32235750.0000","170.6800","176.7900","170.2700"
"2018/08/01","171.6500","33979910.0000","173.9300","175.0800","170.9000"
"2018/07/31","172.5800","40213830.0000","170.6700","174.2400","170.0000"
"2018/07/30","171.0600","65129810.0000","175.3000","175.3000","166.5600"
"2018/07/27","174.8900","59700640.0000","179.8700","179.9300","173.0000"
"2018/07/26","176.2600","169059900.0000","174.8900","180.1300","173.7500"
"2018/07/25","217.5000","45279590.0000","215.7150","218.6200","214.2700"
"2018/07/24","214.6700","28318380.0000","215.1100","216.2000","212.6000"
"2018/07/23","210.9100","15933870.0000","210.5800","211.6200","208.8000"
"2018/07/20","209.9400","16152700.0000","208.8500","211.5000","208.5000"
"2018/07/19","208.0900","11186170.0000","208.7700","209.9900","207.7600"
"2018/07/18","209.3600","15322340.0000","209.8200","210.9900","208.4400"
"2018/07/17","209.9900","15239470.0000","204.9000","210.4600","204.8400"
"2018/07/16","207.2300","10866950.0000","207.5000","208.7200","206.8400"
"2018/07/13","207.3200","11421420.0000","207.8100","208.4300","206.4500"
"2018/07/12","206.9200","15439760.0000","203.4300","207.0800","203.1900"
"2018/07/11","202.5400","12729340.0000","202.2200","204.5000","201.7500"
"2018/07/10","203.5400","12868530.0000","204.5000","204.9100","202.2600"
"2018/07/09","204.7400","18133700.0000","204.9300","205.8000","202.1201"
"2018/07/06","203.2300","19687900.0000","198.4500","203.6400","197.7000"
"2018/07/05","198.4500","19582000.0000","194.7400","198.6500","194.0300"
"2018/07/03","192.7300","13489510.0000","194.5500","195.4000","192.5200"
"2018/07/02","197.3600","13735130.0000","193.3700","197.4500","192.2200"
"2018/06/29","194.3200","15516540.0000","197.3200","197.5997","193.9550"
"2018/06/28","196.2300","18153600.0000","195.1800","197.3400","193.2600"
"2018/06/27","195.8400","18697530.0000","199.1800","200.7500","195.8000"
"2018/06/26","199.0000","17869610.0000","197.6000","199.1000","196.2300"
"2018/06/25","196.3500","25170720.0000","200.0000","200.0000","193.1100"
"2018/06/22","201.7400","17050440.0000","201.1600","202.2400","199.3100"
"2018/06/21","201.5000","18906350.0000","202.7600","203.3900","200.0900"
"2018/06/20","202.0000","28175590.0000","199.1000","203.5500","198.8050"
"2018/06/19","197.4900","19968690.0000","196.2350","197.9600","193.7900"
"2018/06/18","198.3100","16470990.0000","194.8000","199.5800","194.1300"
"2018/06/15","195.8500","21833150.0000","195.7900","197.0700","194.6400"
"2018/06/14","196.8100","19096760.0000","193.1000","197.2800","192.9100"
"2018/06/13","192.4100","15121450.0000","192.7400","194.5000","191.9100"
"2018/06/12","192.4000","11217070.0000","192.1700","193.2800","191.5600"
"2018/06/11","191.5400","12885730.0000","188.8100","192.6000","188.8000"
"2018/06/08","189.1000","12503130.0000","187.5300","189.4754","186.4300"
"2018/06/07","188.1800","21451790.0000","190.7500","190.9700","186.7700"
"2018/06/06","191.3400","22500160.0000","191.0250","192.5300","189.1100"
"2018/06/05","192.9400","15059480.0000","194.3000","195.0000","192.6200"
"2018/06/04","193.2800","18881330.0000","191.8400","193.9800","191.4700"
"2018/06/01","193.9900","17278520.0000","193.0650","194.5492","192.0700"
"2018/05/31","191.7800","30727790.0000","187.8700","192.7200","187.4800"
"2018/05/30","187.6700","13636820.0000","186.5400","188.0000","185.2500"
"2018/05/29","185.7400","16348650.0000","184.3400","186.8100","183.7100"
"2018/05/25","184.9200","10730560.0000","186.0200","186.3300","184.4500"
"2018/05/24","185.9300","11628050.0000","185.8800","186.8000","185.0300"
"2018/05/23","186.9000","16594310.0000","182.5000","186.9100","182.1800"
"2018/05/22","183.8000","12267860.0000","184.9300","185.4200","183.4300"
"2018/05/21","184.4900","13078810.0000","183.7700","185.3000","183.1300"
"2018/05/18","182.6800","13066220.0000","183.4900","184.1900","182.6100"
"2018/05/17","183.7600","14695830.0000","182.6800","184.0600","182.2200"
"2018/05/16","183.2000","16842080.0000","183.6950","184.3200","182.6600"
"2018/05/15","184.3200","15409930.0000","184.8800","185.2900","183.2000"
"2018/05/14","186.6400","15480030.0000","187.7100","187.8600","186.2000"
"2018/05/11","186.9900","21197800.0000","184.8500","188.3200","184.1800"
"2018/05/10","185.5300","20931530.0000","183.1500","186.1292","182.5000"
"2018/05/09","182.6600","23266280.0000","179.6700","183.0100","178.7807"
"2018/05/08","178.9200","15482580.0000","178.2500","179.0400","177.1100"
"2018/05/07","177.9700","18302910.0000","177.3500","179.5000","177.1700"
"2018/05/04","176.6100","17668270.0000","173.0800","176.9800","173.0600"
"2018/05/03","174.0200","23908500.0000","175.1300","176.1200","172.1200"
"2018/05/02","176.0700","29812020.0000","174.2460","178.0800","174.2000"
"2018/05/01","173.8600","26001150.0000","172.0000","174.0200","170.2300"
"2018/04/30","172.0000","20662060.0000","173.7900","175.7200","171.7100"
"2018/04/27","173.5900","29773640.0000","176.8100","177.1000","172.6000"
"2018/04/26","174.1600","77391810.0000","173.2200","176.2700","170.8000"
"2018/04/25","159.6900","38451590.0000","160.1450","161.0600","156.1900"
"2018/04/24","159.6900","34981150.0000","165.4300","166.1000","158.1900"
"2018/04/23","165.8400","22894510.0000","167.2700","168.4500","165.0900"
"2018/04/20","166.2800","18917050.0000","167.7900","168.4300","165.8100"
"2018/04/19","168.1000","21921120.0000","166.2000","168.3300","165.2000"
"2018/04/18","166.3600","20248580.0000","166.8800","168.1200","165.7700"
"2018/04/17","168.6600","21986820.0000","165.8300","169.0000","165.6600"
"2018/04/16","164.8300","17951530.0000","165.7250","165.7800","163.3900"
"2018/04/13","164.5200","19450140.0000","164.5800","165.7036","163.7700"
"2018/04/12","163.8700","38195140.0000","166.9800","167.4500","163.1000"
"2018/04/11","166.3200","56011860.0000","165.3600","168.6500","163.2500"
"2018/04/10","165.0400","58051080.0000","157.9300","165.9800","157.0100"
"2018/04/09","157.9300","34671420.0000","157.8200","160.5300","156.0400"
"2018/04/06","157.2000","41397190.0000","157.7300","161.4200","156.8100"
"2018/04/05","159.3400","41138460.0000","161.5600","161.5750","156.6500"
"2018/04/04","155.1000","49542320.0000","152.0250","155.5600","150.5100"
"2018/04/03","156.1100","42518400.0000","156.5500","157.3900","150.8100"
"2018/04/02","155.3900","36715460.0000","157.8100","159.2000","154.1110"
"2018/03/29","159.7900","59266330.0000","155.1500","161.4200","154.1400"
"2018/03/28","153.0300","59803800.0000","151.6500","155.8800","150.8000"
"2018/03/27","152.2200","77468330.0000","156.3100","162.8500","150.7500"
"2018/03/26","160.0600","125971800.0000","160.8200","161.1000","149.0200"
"2018/03/23","159.3900","53478870.0000","165.4400","167.1000","159.0200"
"2018/03/22","164.8900","73554350.0000","166.1300","170.2700","163.7200"
"2018/03/21","169.3900","106166700.0000","164.8000","173.4000","163.3000"
"2018/03/20","168.1500","129654100.0000","167.4700","170.2000","161.9500"
"2018/03/19","172.5600","87171850.0000","177.0100","177.1700","170.0600"
"2018/03/16","185.0900","23699600.0000","184.4900","185.3300","183.4100"
"2018/03/15","183.8600","15638830.0000","183.2400","184.0000","182.1900"
"2018/03/14","184.1900","16814350.0000","182.6000","184.2500","181.8500"
"2018/03/13","181.8800","17873720.0000","185.6100","185.9900","181.1100"
"2018/03/12","184.7600","15194040.0000","185.2300","186.1000","184.2200"
"2018/03/09","185.2300","18187880.0000","183.9100","185.5100","183.2100"
"2018/03/08","182.3400","16920570.0000","183.5600","184.4000","181.4500"
"2018/03/07","183.7100","19007100.0000","178.7400","183.8200","178.0700"
"2018/03/06","179.7800","14868900.0000","181.7800","182.3800","179.1100"
"2018/03/05","180.4000","16098150.0000","176.2000","181.1475","175.8900"
"2018/03/02","176.6200","19835420.0000","173.2900","177.1100","172.9900"
"2018/03/01","175.9400","23161610.0000","179.0100","180.1200","174.4100"
"2018/02/28","178.3200","18613520.0000","182.3000","182.8800","178.1400"
"2018/02/27","181.4600","15768550.0000","184.4500","184.7000","181.4600"
"2018/02/26","184.9300","17583030.0000","184.5800","185.6600","183.2228"
"2018/02/23","183.2900","18811750.0000","179.9000","183.3900","179.5100"
"2018/02/22","178.9900","17766680.0000","178.7000","180.2100","177.4100"
"2018/02/21","177.9100","23166300.0000","176.7100","181.2700","176.4000"
"2018/02/20","176.0100","21037920.0000","175.7700","177.9500","175.1100"
"2018/02/16","177.3600","20815180.0000","178.9900","179.8800","176.3000"
"2018/02/15","179.9600","20697440.0000","180.5000","180.5000","176.8400"
"2018/02/14","179.5200","28852470.0000","173.4500","179.8100","173.2119"
"2018/02/13","173.1500","21431580.0000","175.6200","175.9700","173.1000"
"2018/02/12","176.4100","32005590.0000","177.0600","177.5450","171.8400"
"2018/02/09","176.1100","39826840.0000","174.7600","176.9000","167.1800"
"2018/02/08","171.5800","38167570.0000","181.0100","181.8400","171.4815"
"2018/02/07","180.1800","27130700.0000","184.1500","185.0817","179.9500"
"2018/02/06","185.3100","37640430.0000","178.5700","185.7700","177.7400"
"2018/02/05","181.2600","32772080.0000","186.9300","190.6100","180.6100"
"2018/02/02","190.2800","25954720.0000","192.0400","194.2100","189.9800"
"2018/02/01","193.0900","53938680.0000","188.2200","195.3200","187.8900"
"2018/01/31","186.8900","36542750.0000","188.3700","189.8300","185.2200"
"2018/01/30","187.1200","20724760.0000","183.0100","188.1800","181.8400"
"2018/01/29","185.9800","20297330.0000","188.7500","188.8400","185.6301"
"2018/01/26","190.0000","17423300.0000","187.7500","190.0000","186.8100"
"2018/01/25","187.4800","17329360.0000","187.9500","188.6200","186.6000"
"2018/01/24","186.5500","23423200.0000","189.8900","190.6600","186.5200"
"2018/01/23","189.3500","25535950.0000","186.0500","189.5500","185.5500"
"2018/01/22","185.3700","21005910.0000","180.8000","185.3900","180.4100"
"2018/01/19","181.2900","26592440.0000","180.8500","182.3700","180.1702"
"2018/01/18","179.8000","23244010.0000","178.1300","180.9800","177.0800"
"2018/01/17","177.6000","27781620.0000","179.2600","179.3200","175.8000"
"2018/01/16","178.3900","35301770.0000","181.5000","181.7500","178.0400"
"2018/01/12","179.3700","77429430.0000","178.0600","181.4800","177.4000"
"2018/01/11","187.7700","8975761.0000","188.4000","188.4000","187.3800"
"2018/01/10","187.8400","10517270.0000","186.9400","187.8900","185.6300"
"2018/01/09","187.8700","12358070.0000","188.7000","188.8000","187.1000"
"2018/01/08","188.2800","17975230.0000","187.2000","188.9000","186.3300"
"2018/01/05","186.8500","13553640.0000","185.5900","186.9000","184.9300"
"2018/01/04","184.3300","13863960.0000","184.9000","186.2100","184.0996"
"2018/01/03","184.6700","16878260.0000","181.8800","184.7800","181.3300"
"2018/01/02","181.4200","17915900.0000","177.6800","181.5800","177.5500"
"2017/12/29","176.4600","10220640.0000","178.0000","178.8500","176.4600"
"2017/12/28","177.9200","12186930.0000","177.9500","178.9367","177.6800"
"2017/12/27","177.6200","9491241.0000","176.5500","178.4400","176.2600"
"2017/12/26","175.9900","8872001.0000","176.6300","177.0000","174.6700"
"2017/12/22","177.2000","8498301.0000","177.1400","177.5300","176.2300"
"2017/12/21","177.4500","11143880.0000","177.9400","178.6800","177.0500"
"2017/12/20","177.8900","11841860.0000","179.8100","179.8100","177.3600"
"2017/12/19","179.5100","14841100.0000","179.9500","180.0800","178.2200"
"2017/12/18","180.8200","17208480.0000","181.0100","181.3000","179.7500"
"2017/12/15","180.1800","28450570.0000","179.0200","180.4934","178.3600"
"2017/12/14","178.3900","13566430.0000","178.2900","180.3601","177.6800"
"2017/12/13","178.3000","14607730.0000","177.3000","179.1600","177.2500"
"2017/12/12","176.9600","16785360.0000","178.6000","179.1800","176.6000"
"2017/12/11","179.0400","13153390.0000","179.3000","180.2200","178.8000"
"2017/12/08","179.0000","19505890.0000","181.5300","182.2800","178.7401"
"2017/12/07","180.1400","20326090.0000","175.8000","180.3900","175.8000"
"2017/12/06","176.0600","20177280.0000","172.5000","176.7700","171.9000"
"2017/12/05","172.8300","20162370.0000","170.4500","175.3800","169.0100"
"2017/12/04","171.4700","24420700.0000","176.2900","176.5700","170.7900"
"2017/12/01","175.1000","19977450.0000","176.0300","177.4800","172.3400"
"2017/11/30","177.1800","25129620.0000","176.8500","178.2750","175.2000"
"2017/11/29","175.1300","41867070.0000","181.8900","181.9700","174.0000"
"2017/11/28","182.4200","14366700.0000","183.5100","184.2500","182.0900"
"2017/11/27","183.0300","12290390.0000","182.5600","183.7300","181.9900"
"2017/11/24","182.7800","9426283.0000","180.4000","183.1500","180.2900"
"2017/11/22","180.8700","10367990.0000","181.3000","181.7300","180.4400"
"2017/11/21","181.8600","14466710.0000","179.1500","181.8900","178.9900"
"2017/11/20","178.7400","9579637.0000","178.8700","179.5000","178.1000"
"2017/11/17","179.0000","13005190.0000","179.3000","179.9800","178.9000"
"2017/11/16","179.5900","15230070.0000","178.7600","179.8300","178.5000"
"2017/11/15","177.9500","10220940.0000","176.6600","178.5700","176.4000"
"2017/11/14","178.0700","9535750.0000","178.1300","178.9700","177.1800"
"2017/11/13","178.7700","9514524.0000","177.5000","179.0400","177.3000"
"2017/11/10","178.4600","11058700.0000","178.3500","179.0999","177.9600"
"2017/11/09","179.3000","12599830.0000","178.3100","179.4000","177.0900"
"2017/11/08","179.5600","10467000.0000","179.7900","180.3500","179.1100"
"2017/11/07","180.2500","12895890.0000","180.5000","180.7478","178.9600"
"2017/11/06","180.1700","13274060.0000","178.5600","180.4500","178.3100"
"2017/11/03","178.9200","17789310.0000","179.2900","179.8600","176.7100"
"2017/11/02","178.9200","35448690.0000","180.6300","181.9400","177.3400"
"2017/11/01","182.6600","37999510.0000","182.3600","182.9000","180.5700"
"2017/10/31","180.0600","19936260.0000","180.5700","180.8000","178.9400"
"2017/10/30","179.8700","24309980.0000","179.2600","180.6900","177.6100"
"2017/10/27","177.8800","30266080.0000","174.1500","178.2100","173.9000"
"2017/10/26","170.6300","11690100.0000","171.3800","172.2850","170.3900"
"2017/10/25","170.6000","15861100.0000","171.9000","172.2500","168.8900"
"2017/10/24","171.8000","12163060.0000","172.3000","173.2400","171.5000"
"2017/10/23","171.2700","13807700.0000","175.2000","175.3400","171.2500"
"2017/10/20","174.9800","12422870.0000","175.5000","175.8800","174.6300"
"2017/10/19","174.5600","13873480.0000","174.9300","176.0300","172.6300"
"2017/10/18","176.0300","12723070.0000","176.6500","176.7400","175.7500"
"2017/10/17","176.1100","15926670.0000","174.7100","176.1300","174.3600"
"2017/10/16","174.5200","11455560.0000","174.4900","175.0000","174.0600"
"2017/10/13","173.7400","13601140.0000","173.4500","174.6500","173.2000"
"2017/10/12","172.5500","10461960.0000","172.6100","173.8500","172.2900"
"2017/10/11","172.7400","11251830.0000","171.9500","172.7800","171.4000"
"2017/10/10","171.5900","11330830.0000","173.0000","173.2000","170.8000"
"2017/10/09","172.5000","14552670.0000","172.7000","174.8800","172.0000"
"2017/10/06","172.2300","12711640.0000","170.2500","172.3700","169.7500"
"2017/10/05","171.2400","14453310.0000","169.1800","171.3100","168.6000"
"2017/10/04","168.4200","11926980.0000","169.8300","170.6700","168.2900"
"2017/10/03","169.9600","8177141.0000","169.3000","170.7300","169.2000"
"2017/10/02","169.4700","13350740.0000","171.3900","171.8700","168.7500"
"2017/09/29","170.8700","15274870.0000","168.8300","171.6600","168.8100"
"2017/09/28","168.7300","12157690.0000","167.9400","169.0696","167.1600"
"2017/09/27","167.6800","19131680.0000","165.9000","168.3400","165.5700"
"2017/09/26","164.2100","23083780.0000","164.5000","165.5000","162.7800"
"2017/09/25","162.8700","41207930.0000","169.2400","169.3000","161.5600"
"2017/09/22","170.5400","12040370.0000","170.2100","171.7300","169.2200"
"2017/09/21","171.1100","11088960.0000","171.6900","172.2700","170.0100"
"2017/09/20","172.1700","12226570.0000","172.5000","173.0500","170.7000"
"2017/09/19","172.5200","13021560.0000","170.6200","172.5600","170.3600"
"2017/09/18","170.0100","12898300.0000","171.9900","172.0700","169.3400"
"2017/09/15","171.6400","15643240.0000","170.8800","172.3400","170.2600"
"2017/09/14","170.9600","15564130.0000","172.2600","172.2800","170.5000"
"2017/09/13","173.0500","9112378.0000","173.0100","173.1700","172.0600"
"2017/09/12","172.9600","11179730.0000","173.7600","174.0000","171.7500"
"2017/09/11","173.5100","12353760.0000","172.4000","173.8900","172.2000"
"2017/09/08","170.9500","10985350.0000","173.0900","173.4900","170.8000"
"2017/09/07","173.2100","18039640.0000","171.9400","173.3067","170.2700"
"2017/09/06","172.0900","13886740.0000","170.9100","172.4800","169.5700"
"2017/09/05","170.7200","13214940.0000","171.2700","172.3875","169.5500"
"2017/09/01","172.0200","11663360.0000","172.4000","172.9150","171.3100"
"2017/08/31","171.9700","17216280.0000","170.4000","172.1450","170.0600"
"2017/08/30","169.9200","11117630.0000","168.1700","170.1800","167.6300"
"2017/08/29","168.0500","11111780.0000","165.2500","168.4250","165.0000"
"2017/08/28","167.2400","8477431.0000","166.9100","167.7000","166.3300"
"2017/08/25","166.3200","12589850.0000","167.8600","168.3800","166.1800"
"2017/08/24","167.7400","14015950.0000","168.8800","169.2900","166.4100"
"2017/08/23","168.7100","9838383.0000","168.8400","169.3600","168.2000"
"2017/08/22","169.6400","11377350.0000","168.2800","169.8700","167.1500"
"2017/08/21","167.7800","11898620.0000","167.1600","168.0000","165.8200"
"2017/08/18","167.4100","15065590.0000","166.8400","168.6700","166.2100"
"2017/08/17","166.9100","17009420.0000","169.3400","169.8600","166.8500"
"2017/08/16","170.0000","15732840.0000","171.2500","171.3800","169.2400"
"2017/08/15","171.0000","8713651.0000","171.4900","171.5000","170.0100"
"2017/08/14","170.7500","12940140.0000","170.0900","171.0800","169.2900"
"2017/08/11","168.0800","13778190.0000","167.9500","168.8200","166.8500"
"2017/08/10","167.4000","20551720.0000","170.0600","170.5900","166.8500"
"2017/08/09","171.1800","10800730.0000","169.9800","171.4500","169.5600"
"2017/08/08","171.2300","14317200.0000","171.8800","173.0500","170.6200"
"2017/08/07","171.9800","12765230.0000","169.9500","172.0600","169.6600"
"2017/08/04","169.6200","10505980.0000","168.9700","170.0600","168.6900"
"2017/08/03","168.5900","10519470.0000","169.3000","169.7000","168.2500"
"2017/08/02","169.3000","17181110.0000","170.3000","170.5500","166.9100"
"2017/08/01","169.8600","14286110.0000","169.8200","170.4700","169.0500"
"2017/07/31","169.2500","25429310.0000","172.0000","172.7200","168.5500"
"2017/07/28","172.4500","24546680.0000","169.0700","173.4300","169.0500"
"2017/07/27","170.4400","68454830.0000","174.7000","175.4900","167.5000"
"2017/07/26","165.6100","32989200.0000","166.0100","166.0100","164.1000"
"2017/07/25","165.2800","15309000.0000","165.0100","165.5400","163.8619"
"2017/07/24","166.0000","17208500.0000","164.6400","166.1700","164.3100"
"2017/07/21","164.4300","14712450.0000","164.1600","165.0500","163.7500"
"2017/07/20","164.5300","18409730.0000","164.8000","165.0000","162.8100"
"2017/07/19","164.1400","26144510.0000","163.5900","165.7000","163.1700"
"2017/07/18","162.8600","23686800.0000","159.6600","163.7300","159.4200"
"2017/07/17","159.7300","12757430.0000","160.2500","160.7800","158.8100"
"2017/07/14","159.9700","16305570.0000","160.1300","160.3200","159.3254"
"2017/07/13","159.2600","13912150.0000","158.7400","159.7800","158.4227"
"2017/07/12","158.9000","22710090.0000","156.4900","159.1600","156.2000"
"2017/07/11","155.2700","13652540.0000","153.3700","155.4225","152.9100"
"2017/07/10","153.5000","13326410.0000","151.6900","153.9800","151.5100"
"2017/07/07","151.4400","13249750.0000","149.2500","151.9900","149.1900"
"2017/07/06","148.8200","14934450.0000","149.0300","150.0400","148.0000"
"2017/07/05","150.3400","14321330.0000","149.0000","150.8500","148.1300"
"2017/07/03","148.4300","13862740.0000","151.7200","152.1500","147.8000"
"2017/06/30","150.9800","14909670.0000","151.9000","151.9200","150.0600"
"2017/06/29","151.0400","23948630.0000","152.2800","152.5000","148.9175"
"2017/06/28","153.2400","16696230.0000","150.9200","153.4700","149.8600"
"2017/06/27","150.5800","19351560.0000","152.8400","153.3100","150.3900"
"2017/06/26","153.5900","18030200.0000","156.2500","156.5000","153.1954"
"2017/06/23","155.0700","17897280.0000","152.7200","155.2000","152.6500"
"2017/06/22","153.4000","12835380.0000","153.0100","154.5500","152.9100"
"2017/06/21","153.9100","14943770.0000","152.3600","154.0800","151.8800"
"2017/06/20","152.2500","14733590.0000","152.8800","153.8400","152.2100"
"2017/06/19","152.8700","18944190.0000","151.7100","153.5700","151.7100"
"2017/06/16","150.6400","22843010.0000","149.5900","150.8300","148.6000"
"2017/06/15","149.8000","18956910.0000","147.6700","150.0366","146.3747"
"2017/06/14","150.2500","20774910.0000","151.2600","152.4000","149.0500"
"2017/06/13","150.6800","20474720.0000","150.1500","151.1800","148.9000"
"2017/06/12","148.4400","33150610.0000","148.1700","149.1950","144.5600"
"2017/06/09","149.6000","35541670.0000","154.7700","155.5900","146.6100"
"2017/06/08","154.7100","17795860.0000","154.0800","154.7300","153.1000"
"2017/06/07","153.1200","12040430.0000","153.2700","153.7500","152.3400"
"2017/06/06","152.8100","13443610.0000","153.4100","154.5200","152.4800"
"2017/06/05","153.6300","12504820.0000","153.6400","154.7088","153.4100"
"2017/06/02","153.6100","16838650.0000","151.8500","153.6300","151.3000"
"2017/06/01","151.5300","14511530.0000","151.7500","152.2900","150.3000"
"2017/05/31","151.4600","18001140.0000","152.7000","153.3500","151.0900"
"2017/05/30","152.3800","13213700.0000","151.9700","152.9000","151.6400"
"2017/05/26","152.1300","14984540.0000","152.2300","152.2500","151.1500"
"2017/05/25","151.9600","19827210.0000","150.3000","152.5900","149.9500"
"2017/05/24","150.0400","17914740.0000","148.5100","150.2300","148.4200"
"2017/05/23","148.0700","12807840.0000","148.5200","148.8100","147.2500"
"2017/05/22","148.2400","12578390.0000","148.0800","148.5900","147.6900"
"2017/05/19","148.0600","16165160.0000","148.4450","149.3900","147.9600"
"2017/05/18","147.6600","22778870.0000","144.7200","148.1500","144.5100"
"2017/05/17","144.8500","28232610.0000","148.0000","148.6700","144.4216"
"2017/05/16","149.7800","14506870.0000","150.1100","150.2100","149.0300"
"2017/05/15","150.1900","14952950.0000","150.1700","151.4800","149.7700"
"2017/05/12","150.3300","9584769.0000","150.4000","150.4600","149.6300"
"2017/05/11","150.0400","11832750.0000","150.3100","150.6500","149.4100"
"2017/05/10","150.2900","11994140.0000","150.2300","150.5200","148.8600"
"2017/05/09","150.4800","17381800.0000","151.4900","152.5900","150.2100"
"2017/05/08","151.0600","15813350.0000","150.7100","151.0800","149.7400"
"2017/05/05","150.2400","17104730.0000","151.4500","151.6300","149.7900"
"2017/05/04","150.8500","36185180.0000","150.1700","151.5200","148.7200"
"2017/05/03","151.8000","28301550.0000","153.6000","153.6000","151.3400"
"2017/05/02","152.7800","21617190.0000","153.3400","153.4400","151.6600"
"2017/05/01","152.4600","25170200.0000","151.7400","152.5700","151.4200"
"2017/04/28","150.2500","30607510.0000","149.5000","151.5300","149.0700"
"2017/04/27","147.7000","11072600.0000","146.6700","147.7500","146.1400"
"2017/04/26","146.5600","12388100.0000","147.0900","147.5900","146.0900"
"2017/04/25","146.4900","17718030.0000","145.7900","147.1500","145.7898"
"2017/04/24","145.4700","14397480.0000","144.9600","145.6738","144.3400"
"2017/04/21","143.6800","12172640.0000","143.9000","144.1700","142.2700"
"2017/04/20","143.8000","15948700.0000","142.9500","144.2500","142.6890"
"2017/04/19","142.2700","15544500.0000","141.3500","143.0400","141.2700"
"2017/04/18","140.9600","14795020.0000","141.2700","141.9050","140.6100"
"2017/04/17","141.4200","11488510.0000","139.7600","141.5500","139.7500"
"2017/04/13","139.3900","10939950.0000","139.6200","140.5800","139.3300"
"2017/04/12","139.5800","11600930.0000","139.7200","140.4000","139.4400"
"2017/04/11","139.9200","16627940.0000","140.8000","141.0299","138.8100"
"2017/04/10","141.0400","9033921.0000","141.0000","141.4300","140.6300"
"2017/04/07","140.7800","11811450.0000","141.2000","141.5500","140.2400"
"2017/04/06","141.1700","15089610.0000","142.1100","142.2200","140.9100"
"2017/04/05","141.8500","17132150.0000","142.2600","143.4400","141.2900"
"2017/04/04","141.7300","11934110.0000","141.8600","142.0900","141.2700"
"2017/04/03","142.2800","13552550.0000","141.9300","142.4700","140.8200"
"2017/03/31","142.0500","11366390.0000","142.3100","142.6300","141.8900"
"2017/03/30","142.4100","12393610.0000","142.4000","142.9500","141.8500"
"2017/03/29","142.6500","16504590.0000","141.9900","142.8600","141.4300"
"2017/03/28","141.7600","14660670.0000","140.3600","141.9500","140.0100"
"2017/03/27","140.3200","12791820.0000","139.0500","140.6500","138.7700"
"2017/03/24","140.3400","16636900.0000","140.0800","141.0244","139.7600"
"2017/03/23","139.5300","12992700.0000","139.4800","140.3900","139.0900"
"2017/03/22","139.5900","17020610.0000","137.9300","139.7900","137.6000"
"2017/03/21","138.5100","29855980.0000","141.1500","142.3082","138.4000"
"2017/03/20","139.9400","12002150.0000","139.7100","140.1900","139.2500"
"2017/03/17","139.8400","20487730.0000","140.3400","140.3400","139.7000"
"2017/03/16","139.9900","13604260.0000","140.2000","140.2500","139.7300"
"2017/03/15","139.7200","19315340.0000","139.2900","140.1000","138.4900"
"2017/03/14","139.3200","12935370.0000","139.4600","139.4600","138.5200"
"2017/03/13","139.6000","10949000.0000","138.7100","139.6800","138.6729"
"2017/03/10","138.7900","16299220.0000","138.9100","139.4900","138.2200"
"2017/03/09","138.2400","15523900.0000","137.7200","138.5700","137.4000"
"2017/03/08","137.7200","10174840.0000","137.1500","137.9900","137.0516"
"2017/03/07","137.3000","13517880.0000","137.0300","138.3700","136.9900"
"2017/03/06","137.4200","12562040.0000","136.8800","137.8300","136.5100"
"2017/03/03","137.1700","11154380.0000","136.6300","137.3300","136.0800"
"2017/03/02","136.7600","12278560.0000","137.0900","137.8200","136.3100"
"2017/03/01","137.4200","16241330.0000","136.4700","137.4800","136.3000"
"2017/02/28","135.5400","16096310.0000","136.7900","136.8050","134.7500"
"2017/02/27","136.4100","14300970.0000","135.2600","137.1846","135.0200"
"2017/02/24","135.4400","12617180.0000","134.1600","135.6200","134.1600"
"2017/02/23","135.3600","18408460.0000","135.8900","136.1200","134.3300"
"2017/02/22","136.1200","27331930.0000","133.6000","136.7900","133.4600"
"2017/02/21","133.7200","14735860.0000","133.5000","133.9100","132.9000"
"2017/02/17","133.5300","12265480.0000","133.5000","134.0912","133.1700"
"2017/02/16","133.8400","12816260.0000","133.0700","133.8700","133.0220"
"2017/02/15","133.4400","13215470.0000","133.4500","133.7000","132.6600"
"2017/02/14","133.8500","14346090.0000","134.1000","134.2300","132.5500"
"2017/02/13","134.0500","13511640.0000","134.6975","134.6975","133.7000"
"2017/02/10","134.1900","15050270.0000","134.1000","134.9400","133.6800"
"2017/02/09","134.1400","16454060.0000","134.4900","134.5000","133.3100"
"2017/02/08","134.2000","22370760.0000","132.6000","134.4400","132.4400"
"2017/02/07","131.8400","14585030.0000","132.2400","133.0000","131.6610"
"2017/02/06","132.0600","17015610.0000","130.9800","132.0600","130.3000"
"2017/02/03","130.9800","24776070.0000","131.2400","132.8500","130.7600"
"2017/02/02","130.8400","54281800.0000","133.2200","135.4900","130.4000"
"2017/02/01","133.2300","47329480.0000","132.2500","133.4900","130.6800"
"2017/01/31","130.3200","19642550.0000","130.1700","130.6600","129.5157"
"2017/01/30","130.9800","18919750.0000","131.5800","131.5800","129.6000"
"2017/01/27","132.1800","19505970.0000","132.6800","132.9500","131.0800"
"2017/01/26","132.7800","19964800.0000","131.6300","133.1400","131.4401"
"2017/01/25","131.4800","18745640.0000","130.0000","131.7400","129.7700"
"2017/01/24","129.3700","15140910.0000","129.3800","129.9000","128.3800"
"2017/01/23","128.9300","16566300.0000","127.3100","129.2500","126.9500"
"2017/01/20","127.0400","19068380.0000","128.1000","128.4800","126.7800"
"2017/01/19","127.5500","12171270.0000","128.2300","128.3500","127.4500"
"2017/01/18","127.9200","13107440.0000","128.4100","128.4300","126.8400"
"2017/01/17","127.8700","15279990.0000","128.0400","128.3400","127.4000"
"2017/01/13","128.3400","24857410.0000","127.4900","129.2700","127.3700"
"2017/01/12","126.6200","18596580.0000","125.6100","126.7300","124.8000"
"2017/01/11","126.0900","18334560.0000","124.3500","126.1200","124.0600"
"2017/01/10","124.3500","17299590.0000","124.8200","125.5000","124.2800"
"2017/01/09","124.9000","22874170.0000","123.5500","125.4300","123.0400"
"2017/01/06","123.4100","28525570.0000","120.9800","123.8800","120.0300"
"2017/01/05","120.6700","19459380.0000","118.8600","120.9500","118.3209"
"2017/01/04","118.6900","19594560.0000","117.5500","119.6600","117.2900"
"2017/01/03","116.8600","20635600.0000","116.0300","117.8400","115.5100"
"2016/12/30","115.0500","18668290.0000","116.5950","116.8300","114.7739"
"2016/12/29","116.3500","9925082.0000","117.0000","117.5310","116.0600"
"2016/12/28","116.9200","11985740.0000","118.1900","118.2500","116.6500"
"2016/12/27","118.0100","12034590.0000","116.9600","118.6800","116.8640"
"2016/12/23","117.2700","10885030.0000","117.0000","117.5600","116.3000"
"2016/12/22","117.4000","16226770.0000","118.8600","118.9900","116.9300"
"2016/12/21","119.0400","10747610.0000","118.9200","119.2000","118.4800"
"2016/12/20","119.0900","13673570.0000","119.5000","119.7700","118.8000"
"2016/12/19","119.2400","15871360.0000","119.8500","120.3600","118.5100"
"2016/12/16","119.8700","25316220.0000","120.9000","121.5000","119.2700"
"2016/12/15","120.5700","20113550.0000","120.0800","122.5000","119.6300"
"2016/12/14","120.2100","25890630.0000","120.0000","121.6900","118.8500"
"2016/12/13","120.3100","29568990.0000","117.8600","121.5200","117.6100"
"2016/12/12","117.7700","17782470.0000","119.2200","119.2400","117.6500"
"2016/12/09","119.6800","17452710.0000","119.2200","119.9400","118.9500"
"2016/12/08","118.9100","22427310.0000","117.9800","119.5000","117.6400"
"2016/12/07","117.9500","21891800.0000","117.0000","117.9500","116.5700"
"2016/12/06","117.3100","19089060.0000","117.6900","117.7950","116.3300"
"2016/12/05","117.4300","20123920.0000","115.9500","117.5700","115.0700"
"2016/12/02","115.4000","25050450.0000","115.1100","116.4800","114.3000"
"2016/12/01","115.1000","43231480.0000","118.3800","118.4500","114.0000"
"2016/11/30","118.4200","30135230.0000","120.3200","121.7900","117.9500"
"2016/11/29","120.8700","18871130.0000","120.5700","122.1000","120.4000"
"2016/11/28","120.4100","18081770.0000","120.1200","121.6900","119.8200"
"2016/11/25","120.3800","8658605.0000","121.0100","121.1400","120.0700"
"2016/11/23","120.8400","15646580.0000","121.2300","121.3100","119.9400"
"2016/11/22","121.4700","26006340.0000","122.4000","122.9800","120.9000"
"2016/11/21","121.7700","35359460.0000","118.2000","121.9500","117.8000"
"2016/11/18","117.0200","22768330.0000","118.3900","119.1300","116.8400"
"2016/11/17","117.7900","18570820.0000","116.8100","117.7900","116.0100"
"2016/11/16","116.3400","32358800.0000","114.4800","117.8800","114.2100"
"2016/11/15","117.2000","34629110.0000","116.7300","118.4900","115.8300"
"2016/11/14","115.0800","51315610.0000","119.1256","119.1256","113.5535"
"2016/11/11","119.0200","32814370.0000","119.5300","120.7000","118.1500"
"2016/11/10","120.8000","67808300.0000","123.9300","124.1800","115.2700"
"2016/11/09","123.1800","31883790.0000","121.5000","123.8100","120.5100"
"2016/11/08","124.2200","19391790.0000","122.0300","124.6100","121.5400"
"2016/11/07","122.1500","22957100.0000","122.8300","123.2089","121.3500"
"2016/11/04","120.7500","30468330.0000","119.5900","121.9300","119.2500"
"2016/11/03","120.0000","63660540.0000","122.0000","123.2800","119.5000"
"2016/11/02","127.1700","43895660.0000","130.2300","130.2300","126.2800"
"2016/11/01","129.5000","21974210.0000","131.4100","131.9400","128.6500"
"2016/10/31","130.9900","15649280.0000","132.0100","132.1200","130.8835"
"2016/10/28","131.2900","24500920.0000","130.5000","132.9700","129.9300"
"2016/10/27","129.6900","16628680.0000","131.7400","131.8000","129.2700"
"2016/10/26","131.0400","13066210.0000","131.6400","132.2600","130.9350"
"2016/10/25","132.2900","13307700.0000","133.5000","133.5000","132.2200"
"2016/10/24","133.2800","17420290.0000","132.7200","133.4050","132.1500"
"2016/10/21","132.0700","18983740.0000","129.7800","132.1300","129.7000"
"2016/10/20","130.0000","13148980.0000","130.0700","130.6600","129.5000"
"2016/10/19","130.1100","16723000.0000","128.7400","130.4700","128.6000"
"2016/10/18","128.5700","13487280.0000","128.6800","129.3900","128.0100"
"2016/10/17","127.5400","11317650.0000","128.2000","128.4700","127.3200"
"2016/10/14","127.8800","13335970.0000","128.4900","128.9500","127.5800"
"2016/10/13","127.8200","17106910.0000","128.2100","128.2500","126.7500"
"2016/10/12","129.0500","11043240.0000","129.0100","129.6600","128.4600"
"2016/10/11","128.8800","17508530.0000","130.2300","130.6400","128.2300"
"2016/10/10","130.2400","15113560.0000","129.6800","130.7000","129.2000"
"2016/10/07","128.9900","12800360.0000","129.0400","129.2500","128.3300"
"2016/10/06","128.7400","11673340.0000","128.4300","129.0600","128.0800"
"2016/10/05","128.4700","12354920.0000","128.2500","128.8000","127.8300"
"2016/10/04","128.1900","14294610.0000","129.1700","129.2765","127.5499"
"2016/10/03","128.7700","13134510.0000","128.3800","129.0900","127.8000"
"2016/09/30","128.2700","18392040.0000","128.0300","128.5900","127.4500"
"2016/09/29","128.0900","14489880.0000","129.1800","129.2900","127.5500"
"2016/09/28","129.2300","12035720.0000","129.2100","129.4700","128.4000"
"2016/09/27","128.6900","15600130.0000","127.6100","129.0100","127.4300"
"2016/09/26","127.3100","15041370.0000","127.3700","128.1600","126.8000"
"2016/09/23","127.9600","28293920.0000","127.5600","128.6000","127.3000"
"2016/09/22","130.0800","15358850.0000","130.5000","130.7300","129.5600"
"2016/09/21","129.9400","14045780.0000","129.1300","130.0050","128.3900"
"2016/09/20","128.6400","11076150.0000","128.6500","129.1700","128.0307"
"2016/09/19","128.6500","14927990.0000","129.9100","129.9400","128.2600"
"2016/09/16","129.0700","24083560.0000","128.2000","129.1800","128.2000"
"2016/09/15","128.3500","15084660.0000","127.9800","129.1000","127.6700"
"2016/09/14","127.7700","15712050.0000","126.8900","128.8000","126.8900"
"2016/09/13","127.2100","17987510.0000","128.0300","128.3500","126.6600"
"2016/09/12","128.6900","21159830.0000","125.9600","128.7600","125.7500"
"2016/09/09","127.1000","26963940.0000","129.7100","129.9490","127.1000"
"2016/09/08","130.2700","15655250.0000","130.9200","131.0800","129.8100"
"2016/09/07","131.0500","27942000.0000","130.0400","131.9800","129.9500"
"2016/09/06","129.7300","26241480.0000","126.6700","129.9400","126.4700"
"2016/09/02","126.5100","12074470.0000","126.8500","126.8600","126.0000"
"2016/09/01","126.1700","13522260.0000","126.3800","126.6300","125.6000"
"2016/08/31","126.1200","14183190.0000","125.6000","126.2200","125.1000"
"2016/08/30","125.8400","17778300.0000","126.6000","126.6000","125.1500"
"2016/08/29","126.5400","15901270.0000","124.3500","126.7300","124.3500"
"2016/08/26","124.9600","17467840.0000","124.0500","125.1900","123.9100"
"2016/08/25","123.8900","10720680.0000","123.1200","124.3700","123.1000"
"2016/08/24","123.4800","12226720.0000","124.4700","124.6900","123.0900"
"2016/08/23","124.3700","13302050.0000","124.5100","125.0900","124.2500"
"2016/08/22","124.1500","14377070.0000","123.3300","124.8300","123.1100"
"2016/08/19","123.5600","11582430.0000","123.6000","124.1570","123.2800"
"2016/08/18","123.9100","12378280.0000","124.0100","124.2600","123.6400"
"2016/08/17","124.3700","13759700.0000","123.6600","124.3800","122.8500"
"2016/08/16","123.3000","14209580.0000","123.5000","123.9200","122.7800"
"2016/08/15","123.9000","19280400.0000","124.9100","124.9200","123.7000"
"2016/08/12","124.8800","12146150.0000","124.7000","125.0000","124.1800"
"2016/08/11","124.9000","11708610.0000","125.2000","125.3800","124.7500"
"2016/08/10","124.8800","10645370.0000","125.0700","125.4800","124.5400"
"2016/08/09","125.0600","19587330.0000","125.3400","126.0900","124.5300"
"2016/08/08","125.2600","15216950.0000","125.2500","125.4500","124.5500"
"2016/08/05","125.1500","20144810.0000","124.9800","125.8350","124.6184"
"2016/08/04","124.3600","21052200.0000","122.9400","124.7900","122.5100"
"2016/08/03","122.5100","18479970.0000","123.0900","123.9200","122.3100"
"2016/08/02","123.0900","23919790.0000","124.0600","124.8000","122.0700"
"2016/08/01","124.3100","24986020.0000","123.8500","124.5800","122.8600"
"2016/07/29","123.9400","34943890.0000","124.6500","125.8400","123.7100"
"2016/07/28","125.0000","78673980.0000","127.5200","128.3300","123.6300"
"2016/07/27","123.3400","50218420.0000","122.4200","125.0000","121.5100"
"2016/07/26","121.2200","17417060.0000","122.0000","122.0700","120.7500"
"2016/07/25","121.6300","18453230.0000","121.3900","121.8500","117.7800"
"2016/07/22","121.0000","18363590.0000","119.9000","121.0100","119.3100"
"2016/07/21","120.6100","17787630.0000","121.9200","122.1000","120.2500"
"2016/07/20","121.9200","19991920.0000","121.2500","122.2000","120.5600"
"2016/07/19","120.6100","21502910.0000","118.9900","120.8500","118.6600"
"2016/07/18","119.3700","20816900.0000","117.3200","119.6100","116.8900"
"2016/07/15","116.8600","16601530.0000","117.7400","118.2800","116.5800"
"2016/07/14","117.2900","14554060.0000","117.5000","117.6400","116.7000"
"2016/07/13","116.7800","16180680.0000","118.3900","118.4000","116.6800"
"2016/07/12","117.9300","15084590.0000","118.6300","118.7200","117.5700"
"2016/07/11","117.8700","17613670.0000","117.7100","118.7000","117.5000"
"2016/07/08","117.2400","18117330.0000","116.4300","117.5000","115.8500"
"2016/07/07","115.8500","16612350.0000","116.6300","116.9700","115.3600"
"2016/07/06","116.7000","24318520.0000","113.3600","116.7900","112.9700"
"2016/07/05","114.0000","14206220.0000","113.9400","114.1100","112.9700"
"2016/07/01","114.1900","14955080.0000","114.2000","115.1300","113.8100"
"2016/06/30","114.2800","23159510.0000","114.6700","115.1800","113.6700"
"2016/06/29","114.1600","20935530.0000","113.3700","114.2500","113.0400"
"2016/06/28","112.7000","26772900.0000","110.6300","112.7500","110.5500"
"2016/06/27","108.9700","36172810.0000","111.5700","111.5700","108.2300"
"2016/06/24","112.0800","40555840.0000","111.0100","113.6800","111.0000"
"2016/06/23","115.0800","16096460.0000","114.3700","115.0900","113.5400"
"2016/06/22","113.9100","14811570.0000","114.6500","114.7400","113.6100"
"2016/06/21","114.3800","18997270.0000","114.1200","115.2142","113.9700"
"2016/06/20","113.3700","20746500.0000","113.7700","114.7200","112.7500"
"2016/06/17","113.0200","24410770.0000","114.4200","114.4300","112.5600"
"2016/06/16","114.3900","19207560.0000","113.8700","114.5000","112.9400"
"2016/06/15","114.6000","19789270.0000","115.3000","115.4400","114.0700"
"2016/06/14","114.9400","17573960.0000","114.0700","114.9500","113.5800"
"2016/06/13","113.9500","31675970.0000","115.0000","115.4800","113.3100"
"2016/06/10","116.6200","18474380.0000","117.5400","118.1100","116.2600"
"2016/06/09","118.5600","13842230.0000","118.1300","118.6800","117.7100"
"2016/06/08","118.3900","14493990.0000","117.7600","118.6000","117.2700"
"2016/06/07","117.7600","17069990.0000","119.2400","119.3000","117.6700"
"2016/06/06","118.7900","12721610.0000","118.6200","119.4300","118.3600"
"2016/06/03","118.4700","14115480.0000","118.9750","118.9800","117.8600"
"2016/06/02","118.9300","13216260.0000","118.6900","119.4400","118.2200"
"2016/06/01","118.7800","15003570.0000","118.5000","119.0800","117.8200"
"2016/05/31","118.8100","23526050.0000","119.4600","120.1000","118.1210"
"2016/05/27","119.3800","13476050.0000","119.5600","119.8500","119.0100"
"2016/05/26","119.4700","18437640.0000","118.2400","119.7601","117.9200"
"2016/05/25","117.8900","20026150.0000","118.1300","118.6650","117.3800"
"2016/05/24","117.7000","20156400.0000","116.2400","117.7300","116.1200"
"2016/05/23","115.9700","20409860.0000","117.4200","117.6000","115.9400"
"2016/05/20","117.3500","18893950.0000","116.9600","117.9900","116.9500"
"2016/05/19","116.8100","20510770.0000","117.0500","117.4900","115.8800"
"2016/05/18","117.6500","21596120.0000","116.8000","118.2700","116.7300"
"2016/05/17","117.3500","21296660.0000","118.8200","119.0100","117.2000"
"2016/05/16","118.6700","31188070.0000","119.3800","119.6100","117.3500"
"2016/05/13","119.8100","18077540.0000","120.3800","120.6400","119.6800"
"2016/05/12","120.2800","21649010.0000","119.9800","120.8400","118.9000"
"2016/05/11","119.5200","21976560.0000","120.4100","121.0800","119.4200"
"2016/05/10","120.5000","23127390.0000","119.6200","120.5000","119.0000"
"2016/05/09","119.2400","21097310.0000","119.5400","120.2800","118.9000"
"2016/05/06","119.4900","26362480.0000","117.1600","119.6370","117.1127"
"2016/05/05","117.8100","22032830.0000","118.0400","118.9800","117.2500"
"2016/05/04","118.0600","23414270.0000","116.6100","118.3000","116.5700"
"2016/05/03","117.4300","24087870.0000","117.5200","118.1600","117.0200"
"2016/05/02","118.5700","27789510.0000","117.8300","118.7300","116.5700"
"2016/04/29","117.5800","37106010.0000","116.8200","117.8400","115.8400"
"2016/04/28","116.7300","86913390.0000","119.5750","120.7900","116.2300"
"2016/04/27","108.8900","50504560.0000","107.9400","108.9400","106.3100"
"2016/04/26","108.7600","22393840.0000","110.4900","110.5000","108.1500"
"2016/04/25","110.1000","20997040.0000","109.8700","110.6700","109.0700"
"2016/04/22","110.5600","38397070.0000","111.2100","111.7500","109.0100"
"2016/04/21","113.4400","20711310.0000","112.5500","114.0400","112.3100"
"2016/04/20","112.4200","21020820.0000","112.4300","113.2700","111.5600"
"2016/04/19","112.2900","30177490.0000","111.1000","112.4500","109.1600"
"2016/04/18","110.4500","21127750.0000","109.7400","110.8100","109.2000"
"2016/04/15","109.6400","20793730.0000","110.7900","110.9700","109.2000"
"2016/04/14","110.8400","28439970.0000","110.6200","112.0400","110.2600"
"2016/04/13","110.5100","88165850.0000","112.2300","112.6500","106.5200"
"2016/04/12","110.6100","26190250.0000","109.3400","111.1645","108.9900"
"2016/04/11","108.9900","39707140.0000","110.7000","110.9100","108.7700"
"2016/04/08","110.6300","48467350.0000","114.2500","114.3300","109.9000"
"2016/04/07","113.6400","20683460.0000","113.7900","114.8900","113.0663"
"2016/04/06","113.7100","20794390.0000","112.4700","113.8100","112.4200"
"2016/04/05","112.2200","22779490.0000","112.1100","113.3200","111.9000"
"2016/04/04","112.5500","48418260.0000","114.0700","114.5500","111.6100"
"2016/04/01","116.0600","24751160.0000","113.7500","116.1700","113.3500"
"2016/03/31","114.1000","21171030.0000","114.7000","115.0100","113.7682"
"2016/03/30","114.7000","33196410.0000","116.7300","116.9900","114.3550"
"2016/03/29","116.1400","29789720.0000","113.8300","116.3200","113.6400"
"2016/03/28","113.6900","21332720.0000","113.3200","114.5889","112.9500"
"2016/03/24","113.0500","17157540.0000","112.1300","113.0900","111.6800"
"2016/03/23","112.5400","18546450.0000","112.0100","113.1900","112.0000"
"2016/03/22","112.2500","18989920.0000","111.3600","112.8800","111.1700"
"2016/03/21","111.8500","18430870.0000","111.6600","112.3700","111.0300"
"2016/03/18","111.4500","36265530.0000","111.5600","112.4200","110.2700"
"2016/03/17","111.0200","24215410.0000","112.1500","112.6900","110.7300"
"2016/03/16","112.1800","24696190.0000","110.4900","112.5000","110.1000"
"2016/03/15","110.6700","17596280.0000","109.1100","110.8300","108.8400"
